Unnamed: 0,text_tweet
626,@KoalisiNetizen Peningkatan akses transportasi akan mendorong pertumbuhan sektor pariwisata #IbuKotaNegara
629,Seorang Warga negara haram Isr4el Avitan Shalom yang ditahan memiliki enam pucuk pistol dan 200 butir peluru di sebuah hotal di ibu kota Kuala Lumpur pada bulan lepas bakal didakwa atas pertuduhan Akta senjata api di Mahkamah Sesyen Kuala Lumpur hari ini. https://t.co/GATW1ffUTh
847,Menteri PUPR Basuki Hadimuljono mengungkapkan rencananya presiden terpilih 2024-2029 akan dilantik di Ibu Kota Nusantara (IKN) Kalimantan Timur. Jawaban ini menyusul status DKI Jakarta yang sudah bukan lagi berstatus ibu kota negara.‚Å£ #detikfinance #PrabowoSubianto #IKN https://t.co/7PEX7KHhXH
514,Ternyata masalah lahan di Ibu Kota Negara (IKN) Nusantara di Penajam Paser Utara (PPU) Kalimantan Timur (Kaltim) banyak masalah. Jaringan Advokasi ... https://t.co/akOlSlIsgW
365,Sebuah langkah besar menuju masa depan yang lebih berkesinambungan dan inklusif. Dukungan terhadap pembangunan Ibu Kota Negara (IKN) yang baru adalah bukti komitmen kita untuk membangun fondasi yang kuat bagi generasi mendatang. #IbuKotaNegaraBaru #TransformasiNegara https://t.co/sVK5SU5XoW
903,IKN semakin mendekati statusnya sebagai Daerah Khusus menggantikan Jakarta dan diharapkan memiliki peran seperti New York City dan Washington DC. #ikn #ibukotanusantara #ibukotanegara #nusantara #jakarta #washingtondc #kaltim #newyork #canberra #sydney https://t.co/fL4hjipEag
655,IKN Nusantara dijaga selama 24 Jam non-stop selama musim libur lebaran 2024 #IbuKotaNegara #IKNNusantara #PindahIbuKota https://t.co/qTlojxdwCH
528,@KotaNusantara Kami warga Yogyakarta akan mengawal pembangunan IKN #IbuKotaNegara
321,@IKNnusantaraID Kami warga Palembang mendukung pemindahan Ibu Kota negara #IKNNusantara
70,Alasan Agus Harimurti Yudhoyono Siap Dipindahkan ke IKN Kaltim Daftar Menteri yang Pertama Pindah #IKN #IKNNusantara #IbuKotaNegara #IbuKotaNusantara #Kaltim #KalimantanTimur #AHY #AgusHarimurtiYudhoyono https://t.co/kqbOheABQ2 lewat @tribunkaltim
790,@tubirfess Gue sekolah negeri gada tuh suruh hapalan surat2 pendek hapalin perkalian sama ibu kota negara nah baru iya bener 
371,@KoalisiNetizen Masyarakat Papua Antusias Menyambut Pemindahan Ibu Kota Nusantara #IbuKotaNegara
834,Kunjungan ibu negara ke kosan di kota penugasan. Agenda yg diusung beliau adalah; 1. Membantu packing barang &amp; pakaian yang harus dibawa selama cuti lebaran; 2. Memberikan nasihat &amp; dukungan finansial selama cuti lebaran; dan 3. Persatuan Indonesia üáÆüá© #berpuasasekelurahan ‚ÄçÔ∏è https://t.co/H3ANTF2DGT
456,Pemindahan aparatur sipil negara ke Ibu Kota Nusantara di Kalimantan Timur dinilai terlalu tergesa-gesa. https://t.co/pWeLNspK8C #VideoBerita #AdadiKompas
247,Setelah upacara HUT Kemerdekaan RI di Bandara Ibu Kota Nusantara (IKN) Aparatur Sipil Negara (ASN) akan segera berpindah. Langkah ini menandai perjalanan baru dalam memperkuat Indonesia Maju. #iknnusantara #IndonesiaMaju https://t.co/H8bO3YNSSH
958,@godhongcoffee Ibu kota negara bukan hanya impian tetapi harus diwujudkan bersama
826,Proyek ini bertujuan untuk meningkatkan infrastruktur olahraga dan mendukung perkembangan sepak bola di Indonesia. #IbuKotaNegara #IKNNusantara #PindahIbuKota https://t.co/Zq12UJ1snW
977,Kementerian PUPR memanfaatkan teknologi MOBOX dalam membangun hunian di IKN Nusantara #IbuKotaNegara #IKNNusantara #PindahIbuKota https://t.co/r3iZcuPKp6
298,@stvrIette @skiesgyuu ibu kota negara baru kita
101,Transformasi Mobilitas: Sistem Transportasi Cerdas Membuka Jalan untuk IKN. #IbuKotaNegara #IKNNusantara #PindahIbuKota https://t.co/LmIvLqTAAw
751,@DokterTifa Setuju Bu termasuk pemindahan ibu kota agar muda nantinya menguasai Indonesia apalagi sekarang para buruh/ pekerja dari cina sementara tingkat pengangguran di negara kita sangat besar ini tentunya tidak sesuai dengan visi misi pak presiden
604,@reiMurilin12 Semoga dengan pindahnya Ibu Kota Negara ke Kalimantan Indonesia akan semakin maju
213,Menggerakkan revolusi urban: Koordinator smart city dorong transformasi digital di IKN Nusantara. #IbuKotaNegara #IKNNusantara #PindahIbuKota kOREA #ASIANCUPU23 #TIMNASU23 SHIN TAE YONG #AFCU23AsianCup2024 BUNG TOWEL WASITNYA WITCHCRAFT https://t.co/DfLqoEF4No
237,@meraaahputiiih Presiden Jokowi yakin bahwa pemindahan Ibu Kota Nusantara akan memperkuat tata kelola pemerintahan yang lebih baik dan efektif di Indonesia. #IbuKotaNegara
868,@KoalisiNetizen Peningkatan sektor properti berdampak positif pada ekonomi lokal #IbuKotaNegara
281,Negara kita sudah tidak punya ibu kota &amp; sebentar lagi kita tidak akan punya ibu negara https://t.co/LaLQKSsYgB
377,@KoalisiNetizen Pusat bisnis baru dorong keterlibatan sektor perbankan dan keuangan #IbuKotaNegara
286,@abangbelneg Semoga IKN Nusantara dapat mewujudkan harapan masyarakat Indonesia #IbuKotaNegara
388,@KoalisiNetizen Investasi di infrastruktur dorong diversifikasi sumber daya energi #IbuKotaNegara
882,@abangbelneg Kalimantan Timur akan menjadi model dalam tata kota berkelanjutan #IbuKotaNegara
716,@youthful_mediaa Pemindahan ini mengirim pesan positif tentang perubahan menuju kebaikan #IbuKotaNegara
792,Prabowo-Gibran Mulai Godok Program yang Anggarannya Setara IKN Nusantara Belajar dari China-India #IKN #IKNNusantara #IbuKotaNegara #Sepaku #Kaltim #KalimantanTimur #IbuKotaNusantara #makansianggratis #PrabowoGibran https://t.co/yFWqL3xr4t lewat @tribunkaltim
96,@kegblgnunfaedh Ini aturan baru apa gimana ya.. di bandung kota kok dari dulu dan terakhir tahun lalu aman¬≤ aja.. sy selalu perpanjng mobil an. ibu saya dan motor istri saya tanpa orgnya hadir bisa¬≤ aja..
244,@meraaahputiiih Pemindahan ini memperkuat integrasi antarwilayah di Indonesia #IbuKotaNegara
734,@youthful_mediaa Peningkatan infrastruktur akan mempercepat distribusi hasil pertanian #IbuKotaNegara
76,Sepertinya @univ_indonesia juga harus pindah. ..... Ibu kota negara pusat ilmu budaya bangsa.... ada di Genderang UI. DKJ jd pusat perekonomian. @DKIJakarta @Kemdikbud_RI #Nusantara #jakarta
896,Rocky Gerung Sebut Titik Awal Konflik Prabowo dan Jokowi Makan Siang Gratis dan IKN Nusantara #IbuKotaNegara #IbuKotaNusantara #Kaltim #KalimantanTimur #Prabowo #Jokowi #makansianggratis https://t.co/iB2YnRbP9S lewat @tribunkaltim
209, Pemindahan ibu kota negara dapat memberikan dampak pengurangan emisi karbon di Kalimantan Timur sebanyak 18 persen imbuhnya. Hal ini secara tidak langsung dapat mengubah struktur ekonomi wilayah tersebut. https://t.co/IsXWZYCGhb
259,@croffletae aku engga doong btw nih ya misal ups tayang di indo nonton gaaa mo ketemu ibu negara nii masa satu kota kaga ketemu ga ding aku anak kabupaten 
158,Kendaraan berbahan bakar fosil dilarang ada di wiliayah IKN #IbukotaNegara #IKNNusantara #PindahIbuKota #AFCU23 Towel Korsel lupainmusuhan saatpemilu #lihatpersamaanya LET'S COUNT 12345 https://t.co/ewqdc2dZtu
495,Pemerintah akan membuka pendaftaran Calon Pegawai Negeri Sipil (CPNS) khusus penempatan di Ibu Kota Nusantara (IKN). Hal itu dikatakan Menteri Pendayagunaan Aparatur Negara dan Reformasi Birokrasi (PANRB) Abdullah Azwar Anas. baca selengkapnya: https://t.co/0rJYM1HpeI -BAY https://t.co/HcXelX11s8
525,@KotaNusantara Ibu kota nusantara akan memberikan lapangan pekerjaan baru bagi warga setempat #IbuKotaNegara
331,Tony Blair bertemu Presiden Joko Widodo membahas rencana proyek EBT di IKN Nusantara #IbuKotaNegara #IKNNusantara #PindahIbuKota https://t.co/uBZPhxTZWO
951,Dampak IKN Nusantara Sederet Upaya Ekstra Untuk Menahan Laju Inflasi di Kalimantan #IKN #IKNNusantara #IbuKotaNegara #IbuKotaNusantara #Kaltim #KalimantanTimur #Inflasi https://t.co/AYjtx6DPIV lewat @tribunkaltim
314,Sebuah langkah besar menuju masa depan yang lebih berkesinambungan dan inklusif. Dukungan terhadap pembangunan Ibu Kota Negara (IKN) yang baru #IbuKotaNegaraBaru #TransformasiNegara https://t.co/kxTauE7wy2
294,@abangbelneg Bebagai lapiran elemen masyarakat harus mendukung proses pemindahan Ibu Kota Negara ke Kalimantan
381,Pemerintah bakal memberikan satu unit apartemen untuk satu aparatur sipil negara (ASN) yang pindah ke Ibu Kota Nusantara (IKN). Namun hal tersebut hanya diperuntukan bagi ASN yang sudah berkeluarga #TGIMKBFM https://t.co/nS85IXynqU
919,Mantan Gubernur BI Sebut Makan Siang Gratis Lebih Penting dari IKN Nusantara Sorotan Rocky Gerung #IKN #IKNNusantara #IbuKotaNegara #Sepaku #Kaltim #KalimantanTimur #IbuKotaNusantara #makansianggratis #Prabowo #Jokowi https://t.co/DTgEElEFb6 lewat @tribunkaltim
572,Penusukan Massal di Sydney WNI Diminta Waspada dan Hindari Keramaian: Pascapenusukan massal di ibu kota Negara Bagian New¬†South¬†Wales Australia Konsul Jendral RI di¬†Sydney meminta WNI di Sydney untuk menghindari area keramaian https://t.co/BEdMXfOS9v https://t.co/aX1tZAGqEy
874,@KoalisiNetizen Pemindahan ini adalah tonggak penting dalam sejarah peradaban Indonesia #IbuKotaNegara
516,Starlink akan menggelar uji coba layanan internet berbasis satelit di Ibu Kota Negara (IKN) Nusantara pada Mei 2024 Menteri Komunikasi dan Informatika (Menkominfo) Budi Arie Setiadi menyampaikan Starlink akan melakukan uji coba perdana di Indonesia tepatnya di Ibu kota Negara https://t.co/5GEB2htKPI
717,@youthful_mediaa Dukungan Penuh Warga Dayak untuk Pemindahan Ibu Kota Nusantara #IbuKotaNegara
59,Pemprov DKI Jakarta menjamin cetak ulang e-KTP usai Jakarta tak berstatus sebagai Ibu Kota Negara tak akan mengganggu pelayanan BPJS hingga KJP. https://t.co/yMSOo84lrf
673,Kepercayaan para investor terhadap proyek IKN Nusantara didorong oleh infrastruktur yang berkembang dan potensi pertumbuhan ekonomi yang cepat. #IbuKotaNegara #IKNNusantara #PindahIbuKota https://t.co/IoHnsNZI0K
557,IKN mengarah pada masa depan cerdas dan berkelanjutan di mana integrasi teknologi IoT dan nilai-nilai keselarasan dengan alam bersinergi untuk menciptakan kota berstandar dunia didukung oleh konektivitas 5G dan inovasi digital. #IKNNusantara #pembangunanikn #Ibukotanegara https://t.co/iB8vgxElaU
743,@ARSIPAJA Baru nama nama provinsi belum nama ibu kota negara. Tapi jujur sih tontonan yt sekarang dihiasi cewe cewe Gimik oon bin tolol tapi tampilan goodlooking seakan cewe harus cantik ga harus punya wawasan luas..b
380,@KoalisiNetizen Potensi investasi akan terbuka luas di sektor properti di Kalimantan Timur #IbuKotaNegara
54,IKN memastikan lapangan upacara sesuai standar FIFA untuk kemajuan olahraga Indonesia. #IbuKotaNegara #IKNNusantara #PindahIbuKota https://t.co/4tugCPG1Pj
23,@IKNnusantaraID Kami warga Tanjung Selor mendukung pemindahan Ibu Kota negara #IKNNusantara
30,@IKNnusantaraID Fokus pada teknologi ramah lingkungan akan menjadi contoh global #IbuKotaNegara
953,Walikota Kyiv Vitali Klitschko mengakui bahwa kota tersebut bisa kembali menjadi sasaran pasukan darat Rusia Kyiv telah dan tetap menjadi target Putin karena ibu kotanya adalah jantung negara kata Klitschko dalam wawancara dengan BILD. Tetapi kami jauh lebih siap menghadapi 
429,@abangbelneg Fokus pada energi terbarukan akan membawa manfaat jangka panjang bagi lingkungan #IbuKotaNegara
10,@IKNnusantaraID Kami warga Tanjung Selor mendukung pemindahan Ibu Kota negara #IKNNusantara
653,IKN Nusantara dipastikan tetap aman saat momen libur Lebaran 2024 #IbuKotaNegara #IKNNusantara #PindahIbuKota https://t.co/1hN6eqqm3F
808,@meraaahputiiih Bebagai lapiran elemen masyarakat harus mendukung proses pemindahan Ibu Kota Negara ke Kalimantan #PindahIbuKota
482,Pemerintah sedang merancang pemindahan aparatur sipil negara (ASN) ke Ibu Kota Nusantara (IKN). Kendati membutuhkan sebanyak 11.916 pada tahap pertama tapi tidak serta merta angka tersebut menjadi rujukan pemerintah untuk memindahkan ASN ke IKN. https://t.co/bZglJwjFiG
445,@jokowi IKN itu aslinya cuma lahan bisnis berkedok Ibu Kota Negara.
199,@IKNnusantaraID Semoga pembangunan IKN dilancarkan dipermudah sampai selesai nanti menjadi peradaban baru masa depan baru bagi Indonesia dan dunia #IbuKotaNegara
500,Pemindahan ASN Ke IKN Dilakukan Bertahap: Pemindahan Aparatur Sipil Negara (ASN) ke Ibu Kota Nusantara (IKN) dilakukan secara bertahap. https://t.co/bIsT5DSuIJ
904,Menteri Kesehatan Budi Gunadi Sadikin membutuhkan 23.200 formasi Calon Aparatur Sipil Negara (CASN) 2024. Sekitar 1.000 posisi akan ditempatkan di Ibu Kota Negara (IKN) Nusantara. https://t.co/QBN57dR6Gv
107,AHY sebut Sejumlah Pilihan Pembebasan 2.086 Hektar Lahan di IKN Kaltim yang Masih Bermasalah #IKN #IKNNusantara #IbuKotaNegara #IbuKotaNusantara #Kaltim #KalimantanTimur https://t.co/y4PoitZFHd lewat @tribunkaltim
218,Inovasi berbasis teknologi: Langkah strategis untuk mewujudkan kota-kota pintar di Indonesia. #IbuKotaNegara #IKNNusantara #PindahIbuKota kOREA #ASIANCUPU23 #TIMNASU23 SHIN TAE YONG #AFCU23AsianCup2024 BUNG TOWEL WASITNYA WITCHCRAFT https://t.co/VQCIbIYkjc
420,@abangbelneg Kami warga Jambi mendukung pembangunan IKN Nusantara #IbuKotaNegara
174,Rektor Unhan RI Pimpin Upacara Pengantaran Satgas Latsitarda Kadet Mahasiswa Unhan RI di Ibu Kota Negara (IKN) Kalimantan Timur TA. 2024 https://t.co/XdIBpkfSjT https://t.co/8zJbdNnPRb
894,Landasan pacu Bandara VVIP IKN bisa mengakomodir pesawat besar #IbukotaNegara #IKNNusantara #PindahIbuKota Tuku Fore IPHONE 11 GRATIS Licha Giring Akmal Sahur eSIM Tidur https://t.co/QiesFadEwM
518,HGB 160 tahun/190 tahun bebas pajak 30 thn diskon pajak 350% itu sama artinya kehilangan Ibu Kota Negara DKI dan IKN. Bisa beli properti di IKN tanpa tunjukkan NPWP itu artinya pemerintah mendorong maraknya Tindak Pidana Pencucian Uang #MakzulkanKacungRRC #MakzulkanKacungRRC https://t.co/4FGVuCOmOl
453,Menteri Pendaya Gunaan Aparatur Negara dan Reformasi Birokrasi Abdullah Azwar Anas memastikan para ASN akan mulai pindah secara bertahap ke Ibu Kota Negara pada bulan September mendatang. https://t.co/ns6OyEQkD6 https://t.co/FkujPG4lxZ
928,iseng nyelem di wp setelah sekian lama trs nemu story yg ml nya konsultan ekonomi kerajaan negara sebelah fl nya artis ibu kota 
39,@IKNnusantaraID Kami warga Bengkulu mendukung pemindahan Ibu Kota negara
706,@youthful_mediaa Kalimantan Timur akan menjadi pusat seni dan budaya yang hidup #IbuKotaNegara
946,ùó£ùó≤ùóøùóΩùó∂ùóªùó±ùóÆùóµùóÆùóª ùóúùóûùó° ùóØùóÆùòÑùóÆ ùóØùóÆùóªùòÜùóÆùó∏ ùó±ùóÆùó∫ùóΩùóÆùó∏ ùóªùó≤ùó¥ùóÆùòÅùó∂ùó≥? Akhir-akhir ini pemindahan Ibu Kota Negara (IKN) ke Nusantara menjadi topik hangat di media sosial. Banyak sekali pro dan kontra terkait rencana ini. https://t.co/fN6J7WE2FA
351,@meraaahputiiih Pertumbuhan ekonomi regional bawa efek positif pada industri #IbuKotaNegara
66,@meraaahputiiih Proyek IKN Nusantara akan menciptakan lapangan kerja yang signifikan di Indonesia. #IbuKotaNegara
277,Nggak cuma sekadar perayaan biasa buat rayakan World Book Day UNESCO tiap tahunnya menunjuk World Book Capital atau ibu kota negara buat laksanakan program Hari Buku Sedunia. Nah nantinya kota tersebut ditugaskan buat promosikan buku dan membaca
67,@meraaahputiiih Kami warga Banda Aceh mendukung pembangunan IKN Nusantara #IbuKotaNegara
905,Jadi ibu kota negara itu beban. Kini beban itu beralih ke Kalimantan sebuah kehormatan besar tanggung jawab &amp; tantangan bagi rakyat Borneo. Untuk ibu kota lama semoga dengan perpindahan ini bisa tetap berkembang menjadi lebih baik lagi. Terima kasih Jakarta. 
732,@youthful_mediaa IKN lebih dari sebuah kota namun harapan dan masa depan Indonesia ada di sana #IbuKotaNegara
816,Udah ga punya ibu kota ga punya presiden negara auto pilot njir
296,@abangbelneg Ibu Kota Negara Republik Indonesia merepresentasikan konsep kesatuan yang mengakomodasi kekayaan kemajemukan Indonesia
617,@KoalisiNetizen Seiring dengan rencana pembangunan Ibu Kota Nusantara akan ada pembangunan infrastruktur dan fasilitas yang diperlukan di daerah daerah terpencil dan kurang berkembang #IbuKotaNegara
597,@englishfess_ Yes Auckland itu nama kota di New Zealand. Fun fact: Auckland ini menjadi kota dengan populasi terbanyak di New Zealand dan sering disangka ibu kota negara. Yang benar itu ibu kota negara New Zealand adalah Wellington.
814,Para peserta demonstrasi menuju kedutaan yang diduduki di Amman ibu kota Yordania meneriakkan Amerika adalah negara terorisme. https://t.co/mTHg3127mJ https://t.co/q0W3FxVenS
797,Sebanyak 2.3 juta kenderaan dijangka keluar dari ibu kota melalui lebuh raya utama negara bermula hari ini. Video: NSTP https://t.co/gatplwNB1E
423,@abangbelneg Pemindahan ibu kota nusantara akan mempercepat pengembangan wilayah timur Indonesia. #IbuKotaNegara
756,@tanyakanrl Gimana ditanya ibu kota negara di dunia. Dulu gw pas sekolah demen banget hafalin pake buku RPUL. Anak jaman sekrang udah ada HP aja masih minim ilmu pengetahuan. HP dipake cuma buat sosmed sih.
312,@IKNnusantaraID IKN Nusantara memungkinkan terciptanya ekosistem inovasi dan teknologi yang berkelanjutan. #IbuKotaNegara
184,@IKNnusantaraID Dukung pemindahan Ibu Kota Nusantara untuk mengurangi beban Jakarta yang sudah padat penduduk dan macet. #IbuKotaNegara
332,Presiden Jokowi bersama eks PM Inggris Tony Blair membahas serangkaian inisiatif strategis untuk memajukan sektor energi terbarukan melalui pembangunan fasilitas solar panel di IKN #IbuKotaNegara #IKNNusantara #PindahIbuKota https://t.co/IxD9uhPm9A
88,@meraaahputiiih Potensi ekonomi dan perdagangan Kalimantan Timur akan tumbuh pesat #IbuKotaNegara
63,@meraaahputiiih Kami warga Samarinda mendukung pemindahan Ibu Kota negara
829,Jakarta tantrum dikit kemarin macet di mana-mana karena statusnya udah bukan ibu kota negara lagi Hari ini agak lebih tenang rasanya 
802,@meraaahputiiih Kami warga Tanjung Selor mendukung pemindahan Ibu Kota negara #PindahIbuK
215,Menggerakkan revolusi urban: Koordinator smart city dorong transformasi digital di IKN Nusantara. #IbuKotaNegara #IKNNusantara #PindahIbuKota kOREA #ASIANCUPU23 #TIMNASU23 SHIN TAE YONG #AFCU23AsianCup2024 BUNG TOWEL WASITNYA WITCHCRAFT https://t.co/Sx5DJHf7TT
603,@tempodotco Banyak cakap.....GK ada lagi tuh jiwa korsa di tubuh @Puspen_TNI kasihan para prajurit bertaruh nyawa di daerah konflik kalian para jenderal tenang tenang di ibu kota menikmati uang dan fasilitas negara
547,di acc ibu negara cari kerja di kota lain dan ngekos hahahahahaha
290,@abangbelneg Investasi di infrastruktur dorong pertumbuhan sektor transportasi #IbuKotaNegara
786,masa dkj dipimpin cawapres sih dia udh megang negara trs mimpin kawasan yg ibaratnya jantung negara ((walaupun bukan ibu kota lagi))
886,@abangbelneg Kami warga Ambon akan mengawal pembangunan IKN #IbuKotaNegara
962,Turkish Airlines kembali melakukan penerbangan ke ibu kota Libya Kamis (28/3). Penerbangan terakhir Turkish Airlines ke Libya tercatat pada 2015. Sudah hampir 10 tahun Turkish Airlines tak mendarat di Libya karena masalah keamanan di negara tersebut. #timurtengah #turki #libya https://t.co/LFTYojNKAa
941,6 Investor Swasta IKN Nusantara Komitmen Bangun Sarana Pendidikan Tengok 6 investor swasta IKN Nusantara komitmen bangun sarana pendidikan dan perumahan di ibu kota negara baru Kalimantan Timur. Nadiem Beckham Susu Aisyah April Mob Selvi Nabrak Arsenal https://t.co/jn4vkXOznJ
740,@youthful_mediaa Keberlanjutan lingkungan akan menjadi dasar dalam setiap rencana pembangunan #IbuKotaNegara
680,Kehadiran proyek IKN Nusantara menarik minat investor karena menghadirkan peluang investasi yang berkelanjutan. #IbuKotaNegara #IKNNusantara #PindahIbuKota https://t.co/28Z7TP72WH
693,@Miduk17 Betul kelas 6 sudah tahu ibu kota negara lain
988,Yaman sebelumnya hari ini negara tersebut berbondong-bondong ke ibu kota Sanaa untuk memperbarui janji mingguannya: Jihad jihad seluruh bangsa siap Wahai Gaza Wahai Palestina seluruh Yaman bersamamu Kami akan datang di tahun ke 10 Ketabahan dan ketekunan perang https://t.co/SseIuV0SIV
309,@IKNnusantaraID Pemindahan Ibu Kota Nusantara akan meningkatkan kesempatan kerja di daerah sekitar. #IbuKotaNegara
86,@meraaahputiiih Potensi wisata Kalimantan Timur akan semakin dikembangkan #IbuKotaNegara
848,https://t.co/Yyj4doXIAN @menkominfoUKM @kemkominfo Ok gas Ok gas Ok gas Menkominfo mengungkapkan pegawai Kementerian Kominfo akan memulai berkantor di Ibu Kota Negara (IKN) Nusantara mulai Juli 2024.
784,Saatnya kita bergerak maju bersama. Tujuh proyek IKN menandai awal era baru kemakmuran dan kemandirian. #IbuKotaNegara #IKNNusantara #PindahIbuKota https://t.co/HOcX58kjFg
310,@IKNnusantaraID Presiden mendukung pemindahan Ibu Kota Nusantara sebagai wujud keberpihakan pemerintah pada daerah lain di Indonesia. #IbuKotaNegara
535,@KotaNusantara Potensi sektor energi terbarukan akan mengurangi dampak perubahan iklim #IbuKotaNegara
136,@hafizha_anisa Padahal bogor deket banget dengan Ibu Kota Negara HARUSNYA LEBIH MAJU DOOONG IYA KAAAAAN wkwkwk
870,@KoalisiNetizen Investasi di infrastruktur dorong perkembangan sektor jasa profesional #IbuKotaNegara
465,@terindukan Kami warga Tanjung Selor mendukung pemindahan Ibu Kota negara #IbuKotaNegara
895,Pembangunan landasan pacu Bandara VVIP IKN capai 14% #IbukotaNegara #IKNNusantara #PindahIbuKota Tuku Fore IPHONE 11 GRATIS Licha Giring Akmal Sahur eSIM Tidur https://t.co/LXfbeCi6FG
261,Pembentukan kawasan aglomerasi jadi salah satu kebijakan baru yang akan berlaku saat Jakarta tidak lagi menjadi Ibu Kota Negara Indonesia. Hal tersebut tercantum dalam Undang-undang Daerah Khusus Jakarta (UU DKJ) yang telah disahkan pada 28 Maret 2024. https://t.co/OslkWF8Lin
486,@meraaahputiiih Kami warga Samarinda mendukung pemindahan Ibu Kota negara
168,Sinergi harmonis: Kolaborasi pemerintah dan sektor swasta dalam mewujudkan smart city yang inklusif. #IbuKotaNegara #IKNNusantara #PindahIbuKota https://t.co/Zn20TJuWvS
827,Diharapkan stadion ini dapat menjadi pusat kegiatan yang memajukan industri olahraga di Indonesia. #IbuKotaNegara #IKNNusantara #PindahIbuKota https://t.co/77IXhKBDUC
447,https://t.co/lvgZxOLvt0 Benar kata si Kaka nya ini kalau Jakarta tetap jadi Ibu Kota negara 
139,@abangbelneg Kami warga Palembang mendukung pemindahan Ibu Kota negara #PindahIbuKota
682,@ryukugyuyuyu @destaurbae @cania_citta Parahnya dia masa gatau Ibu Kota Jawa Barat apa? Malah dijawab Jakarta? Jakarta kan (mantan) Ibu Kota Negara Indonesia masa harus dimaklumi juga ntah cm gimmick atau apa
770,@tanyakanrl mun aing era da.. nu kitu ge teu mampu ngajawab terima kasih kepada guru guru sd ku yang suka memberikan kuis tebak nama ibu kota negara ibu kota prov dsb ketika hendak mau pulang (yg bisa jawab boleh pulang) sampai sekarang masih inget 
852,Menteri Pekerjaan Umum dan Perumahan Rakyat (PUPR) Basuki Hadimuljono mengungkapkan presiden RI ke-8 yang nanti akan menggantikan Presiden Jokowi direncanakan akan dilantik di Ibu Kota Negara (IKN) Nusantara. https://t.co/GBib8uZAyj #PrabowoGibran #IKNNusantara #Jokowi https://t.co/al7wHmLbAO
440,Pembangunan IKN tahap I akan tuntas pada akhir tahun 2024 #IbuKotaNegara #IKNNusantara #PindahIbuKota https://t.co/WgMLPENnzx
998,@fatmawati_elkis Berbagai elemen masyarakat harus mendukung proses pemindahan ibu kota negara ke Kalimantan
530,@KotaNusantara Jakarta sebagai ibu kota Indonesia telah mengalami banyak masalah seperti macet banjir dan polusi udara yang serius #IbuKotaNegara
55,Lepas Status Ibu Kota Negara Hunian di Barat Jakarta Tetap Jadi Incaran https://t.co/s9uGue3nnu lewat @properti_kini @AlamSuteraInfo @alamsuterahrd #alamsutera #tangerang #jakarta #iknusantara #apartemen #beritaproperti #beritaterkini
120,Sekurang-kurangnya lima orang terbunuh dan 33 cedera selepas puting beliung melanda bandar Guangzhou di China pada Sabtu lapor media kerajaan. Agensi berita rasmi China Xinhua melaporkan bahawa puting beliung melanda ibu kota Wilayah Guangdong di selatan negara itu sekitar https://t.co/SGD05Xtdqf
527,@KotaNusantara Kawasan ini menjadi pusat pelatihan keterampilan dan tenaga kerja #IbuKotaNegara
25,@IKNnusantaraID Kami warga Bandar Lampung mendukung pemindahan Ibu Kota negara #PindahIbuKota
72,@alisyarief Soekarno yang memiliki ijazah asli bingung mau pindahkan ibu kota dan saat ini Jokowi yang diduga memiliki ijazah palsu (SD/SMP/SMA) mudah memindahkan ibu kota negara dengan cara kibuli rakyat dengan janji-janji kampanye yang sebenarnya tidak ada dalam janji kampanye 2014 &amp; 2019
44,Meraih Visi Indonesia Emas 2045 dengan pembangunan IKN Pembangunan IKN bukan hanya memindahkan ibu kota negara. Pembangunan IKN memiliki tujuan yang lebih besar yakni untuk menggapai cita-cita Indonesia Emas 2045. Bung Towel Jerome FIFA Jepang Barca Sivakorn Pu-Udom Kalah https://t.co/j0Vn18mmyE
249,Ibu kota negara mereka serahkan pada aseng giliran sembako.. Lengkap sdh ketahanan negara di pertaruhkan
394,@humaniesid @HaveAniesDay @aniesbaswedan Arab cuma punya minyak rakyatnya kaya raya. Indonesia punya minyak nikel emas timah rakyat nya susaaaah bgt. Sampe listrik di mantan Ibu kota (baru 2mgg) masih dapat dri pemberian orang BUKAN PEMERINTAH. Gmn gak trust issue sama ni negara ya Allahhh
932,Pernyataan ini menunjukkan bahwa Otorita IKN memperhatikan aspek inklusi sosial dalam setiap langkah pembangunan. #IbuKotaNegara #IKNNusantara #PindahIbuKota https://t.co/fWkHAPiAT2
996,DPR RI mengesahkan RUU Daerah khusus jakarta menjadi sebuah Undang-Undang. Keputusan diambil dalam Sidang Paripurna Dewan Perwakilan Rakyat yang dipimpin ketua DPR Puan Maharani. Ketentuan umum itu menyebutkan UU IKN telah memindahkan Ibu Kota Negara Republik Indonesia dari https://t.co/TymXB7hXJY
957,@KotaNusantara Keberanian untuk berubah dan berkembang tercermin dalam langkah membangun ibukota baru #IbuKotaNegara
198,@IKNnusantaraID Kami warga Palu mendukung pemindahan Ibu Kota negara #IKNNusantara
539,Ketinggian rata-rata negara Indonesia adalah 367 m dpl. Jakarta &amp; kebanyakan ibu kota provinsi berada di bawah itu. Hanya Bandung (&gt; 700 m dpl) ibu kota Jabar yg berada di atas level itu.
355,@meraaahputiiih dampak pembangunan Ibu Kota Nusantara akan meningkatkan investasi #IbuKotaNegara
323,@IKNnusantaraID Proyek IKN Nusantara akan menciptakan lapangan kerja baru dan meningkatkan pendapatan masyarakat. #IbuKotaNegara
945,dari dulu jg udah ganti lirik si kan bandung bogor jakarta awalnya terus ganti jd ibu kota negara
767,Rp 34 45 Triliun dianggarkan untuk pembangunan infrastruktur IKN pada tahun 2024 #IbuKotaNegara #IKNNusantara #PindahIbuKota https://t.co/DJXXTsBVbq
235,PEMBANGUNAN megaproyek Ibu Kota Negara (IKN) Nusantara berjalan terus. Selain proyek bangunan PT Waskita Beton Precast Tbk menyuplai produk precast untuk proyek Jalan Tol IKN Seksi 3B-2 Segmen Kariangau-Sp¬†Tempadung. https://t.co/ne7gMRVAw9
976,271T kita sogok seventeen untuk tour indonesia semua provinsi mingyu nyanyi risalah hati dan maksa scoups ingetin jakarta tu ibu kota negara mana
944,Tengok 6 investor swasta IKN Nusantara komitmen bangun sarana pendidikan dan perumahan di ibu kota negara baru Kaltim. Sebagai informasi investor swasta tersebut berinisiatif atau unsolicited untuk mengembangkan pembangunan di IKN. _ Nadiem Beckham Susu Aisyah April Mob Selvi https://t.co/OipWlRE37A
938,Otorita IKN berupaya memastikan bahwa pembangunan IKN Nusantara memberikan dampak positif bagi masyarakat di Sepaku. #IbuKotaNegara #IKNNusantara #PindahIbuKota https://t.co/ntEush8xEA
902,Bandara VVIP IKN berstandar internasional siap layani tamu penting. #IbuKotaNegara #IKNNusantara #PindahIbuKota https://t.co/VwqQNLNPO0
299,@abangbelneg IKN Nusantara akan meningkatkan daya saing Indonesia di kancah global #IbuKotaNegara
60,Status Jakarta sebagai Ibu Kota Negara segera berakhir seiring dengan berlakunya UU DKJ. Sebanyak 8 3 juta e-KTP milik warga Jakarta mesti dicetak ulang. https://t.co/hwRWnuvxnO
327,Mungkin karena dulu juga disuruh bawa atlas pas SD hapalin benua negara sampai ibu kota. 4/ 5 SD disuruh hapalin nama menteri sampai pernah dihukum karena gak ingat (ya sampai sekarang juga gak ingat sih saking sebelnya dulu) 
526,@KotaNusantara Investasi di infrastruktur beri dampak positif pada sektor logistik #IbuKotaNegara
598,Pemerintah berupaya mewujudkan pembangunan smart city IKN. #IKNNusantara #pembangunanikn #Ibukotanegara #smartcity https://t.co/eFZsheSQff
813,@MohammadKhafid3 Allah tidak pernah tidur Bung Karno sendiri sudah mempersiapkan lokasi untuk dijadikan Ibu Kota Negara di lahan yg sudah siap di Kalbar tapi pemerintahan saat ini pilih lahan gambut Semoga aja ini tanda-tanda Allah tidak ridho Krn byk yg didzolimi . In Syaa Allah
935,Otorita IKN berkomitmen untuk mengadakan dialog terbuka dengan masyarakat Sepaku untuk memahami kebutuhan dan aspirasi mereka. #IbuKotaNegara #IKNNusantara #PindahIbuKota https://t.co/f8oowWK2oU
980,Hunian di IKN menggunakan teknologi MOBOX #IbuKotaNegara #IKNNusantara #PindahIbuKota https://t.co/MKQNzjVi4C
595,Nusantara Expo: Peluang melihat perkembangan teknologi tinggi yang akan datang. #IbuKotaNegara #IKNNusantara #PindahIbuKota https://t.co/2lrPWQiiAp
541,@abangbelneg Pemindahan ibu kota nusantara adalah peluang besar bagi warga negara untuk memperbaiki kehidupan mereka
780,@tanyakanrl Yaelah emang penting ? Padahal mah kaga penting juga kan yang penting itu tau nama ini kota negara bukan ibu kota provinsi
305,Bandara VVIP IKN Fungsional Agustus 2024 Kementerian Pekerjaan Umum dan Peruahan Rakyat PUPR Memastikan Bandara VVIP di IKN akan mulai difungsional pada Agustus 2024. #IbuKotaNegara #IKNNusantara #PindahIbuKota https://t.co/IgjvgWmWDg
318,@IKNnusantaraID Kami warga Pontianak mendukung pembangunan IKN Nusantara #IbuKotaNegara
481,Kota Kuala Kencana berhasil ngebikin harmonisasi antara lingkungan alam dan kehidupan modern gokil banget! Selain itu kota ini juga jadi model pembangunan Ibu Kota Negara (IKN) Nusantara di Kalimantan Timur loh.
493,@ayungbukanariel Tapi engke di pelajaran sejarah negara lain bakal disebutkeun moal nyak jakarta pernah jadi ibu kota? Hahaha
265,Pembangunan IKN yang ramah lingkungan adalah langkah menuju keberlanjutan dan kelestarian alam. #IKNNusantara #pembangunanIKN #IbuKotaNegara #SmartCity #GreenCity #IKN https://t.co/2zsdnVyBzx
110,IKN Nusantara adalah ibu kota negara https://t.co/wkOvC0CBDs
468,@terindukan Semoga kita semua diberikan umur panjang supaya bisa melihat bangsa ini bangkit dari keterpurukan #IbuKotaNegara
708,@youthful_mediaa Menjadi sebuah ibukota tanpa merusak kota yang ada. Yaitu kota bagi para satwa Flora dan fauna #IbuKotaNegara
587,#langsung #BuletinBernama : Hari ini warga kota mula kembali ke ibu negara dan untuk perkembangan trafik terkini di Lebuhraya. Bersama Azeery Idris dan Jurukamera Farez Azmi dari Pusat Pengurusan Trafik Lembaga Lebuhraya Malaysia. https://t.co/2k1PJ0oKts
256,Dipilihnya Kabupaten Kukar sebagai lokasi tujuan dari studi komparatif tersebut tidak terlepas dari berpindahnya Ibu Kota Negara (IKN) ke Kalimantan Timur (Kaltim) yang nantinya akan menjadi masa depan negara Indonesia. Baca selengkapnya: https://t.co/V9kwcdXKnW https://t.co/zZltWLJ8iU
260,Untung SG MY sama TH gada rencana pindah ibu kota negara.
543,@abangbelneg Pemindahan ini adalah investasi masa depan bagi generasi penerus #IbuKotaNegara
405,Ini Menteri Jokowi yang Bakal Ngantor Perdana di IKN Mulai Juli https://t.co/FV8P3d5s3A #Nusantara #IbuKotaNegara #IKN #Indonesia
428,@abangbelneg Pertumbuhan ekonomi daerah beri efek berganda pada sektor konstruksi #IbuKotaNegara
675,Para investor melihat proyek IKN Nusantara sebagai kesempatan untuk berkontribusi pada pembangunan infrastruktur berkelanjutan. #IbuKotaNegara #IKNNusantara #PindahIbuKota https://t.co/hgxmOpo9Rq
501,Uni Emirat Arab (UEA) berinvestasi $35 miliar ke kota baru Mesir dengan kompensasi tanah seluas 130 juta meter2. Nilai investasi ini sama dengan dana pembangunan Ibu Kota Negara (IKN). https://t.co/363Agxp6Wu Dalam hal ini Presiden UEA Muhammad bin Zayed (MBZ) adalah dewan 
432,@abangbelneg IKN Nusantara membuka peluang kerja di sektor energi dan sumber daya alam #IbuKotaNegara
730,Anw kudos to Pak Benedictus Salaman who gave never ending peta buta exams pas gua SD. Hasilnya ya bisa inget semua ga cuma provinsi &amp; ibu kota provinsi di Indonesia tapi juga negara &amp; ibu kota negara di dunia sampe sekarang.
137,@abangbelneg Kalimantan Timur akan menjadi model pengelolaan lingkungan yang baik #IbuKotaNegara
357,@KoalisiNetizen Pemindahan ini adalah bukti nyata keseriusan Indonesia dalam pembangunan #IbuKotaNegara
927,@2KangKomen Jakarta Ibu kota negara
221,@bebeesque Universitas indonesia... Universitas kami... Ibu kota negara.... Pusat ilmu budaya bangsa.....
752,Ibukota bali = astaghfirullahaladzim Baru dalam negeri blm lu ditanya ibu kota negara lain hadeh THOLOL.
593,@meraaahputiiih Kami warga Tanjungpinang mendukung pemindahan Ibu Kota negara
803,@meraaahputiiih Ibu Kota Negara Republik Indonesia merepresentasikan konsep kesatuan yang mengakomodasi kekayaan kemajemukan Indonesia #IKNNusantara
363,Investasi ini ngasih dampak positif buat ekonomi lokal dan lingkungan #IbuKotaNegara #IKNNusantara #PindahIbuKota https://t.co/BfOonkylPI
522,@KotaNusantara Peningkatan sektor properti beri dampak positif pada sektor properti lokal #IbuKotaNegara
208,Sebanyak 8 3 juta warga Jakarta harus ganti Kartu Tanda Penduduk (KTP).. Penggantian itu mesti dilakukan setelah perubahan status Jakarta dari ibu kota negara menjadi daerah khusus (DKJ). #DKJ #KTP #status #ibukota https://t.co/QqxvliAB2G
777,Rp 34 45 Triliun dianggarkan untuk pembangunan infrastruktur IKN pada tahun 2024 #IbuKotaNegara #IKNNusantara #PindahIbuKota https://t.co/MGMc1AyMzB
334,Peta buta paling memorable buat saya. Suka dites sm papa ini kota apa ini negara apa ibu kota negara ini di mana letaknya.
210,@sakkusaitna @AyaniMel waktu IM menjabat presiden kondisi mesir blm stabil. skrg eknomi mesir lebih mengenaskan akibat Al sisi pingin bangun lg ibu kota negara uangnya g ada. dan mesir sampai jual kota untuk bayar utang.
350,@meraaahputiiih Fasilitas olahraga modern akan meningkatkan gaya hidup sehat warga #IbuKotaNegara
78,Heru Budi masih menunggu peresmian pemindahan ibu kota negara dari Jakarta ke Nusantara. https://t.co/LS0CTLFhZZ
29,@IKNnusantaraID Keberlanjutan lingkungan akan dijaga dalam perencanaan kota baru #IbuKotaNegara
280,Suatu terobosan luar biasa dari Tonny Blair https://t.co/nUxUlEafCV Mantan Perdana Menteri Inggris Tony Blair akan membantu penyediaan konektivitas internet di Ibu Kota Negara (IKN) Nusantara.
507,@MongabayID Ratusan nyawa manusia hilang dalam satu malam di stadion kanjuruhan yg masih satu pulau dgn ibu kota aja negara gak terlalu peduli... Apalagi ini...
638,Pemerintah akan kembali mendorong percepatan investasi asing ke Ibu Kota Negara (IKN) Nusantara setelah ada putusan Mahkamah Konstitusi (MK) soal sengketa hasil pemilu presiden (Pilpres) 2024. ___ Danramil Dita #viralvideo Liverpool Mainin #OperasiKetupat2024 https://t.co/WmeRtXixwk
801,@meraaahputiiih IKN Nusantara akan meningkatkan daya saing industri manufaktur Indonesia di pasar global. #IbuKotaNegara
289,ibu kota negara dulunya mau di salah satu daerah di Indonesia timur tapi gajadi
165,Terobosan menuju masa depan: Langkah Presiden Jokowi untuk memajukan infrastruktur digital di Indonesia. #IbuKotaNegara #IKNNusantara #PindahIbuKota https://t.co/4VXzKZu39X
855,@KoalisiNetizen Peningkatan sektor industri berkontribusi pada ekspor nasional #IbuKotaNegara
497,Pemerintah akan memberikan 1 unit apartemen untuk 1 aparatur sipil negara (ASN) yang pindah ke Ibu Kota Nusantara (IKN). https://t.co/aHKYGEHqDd
462,@ShaniaLorenzz pembangunan IKN akan melibatkan masyarakat sekitar Kalimantan Timur #IbuKotaNegara
65,UNIVERSITAS INDONESIA UNIVERSITAS KAMI IBU KOTA NEGARA
141,tinggal tunggu waktu aja sampe semuanya kena aturan-aturan ibu kota baru dekat. you cant stop me from raiding istana negara in the future.
275,@abangbelneg semoga hasilnya memuaskan dan memberikan feedback sosial ekonomi bagus bagi negara tidak spt proyek kereta cepat #IbuKotaNegara
830,@prabowo Ada yg mw di lantik di IKN nih .. IKN itu bukan ibu kota tp negara di dalam negara . Kalian org partai cuma bisa menghancurkan negara. Kami tunggu permainan kalian sampai mana mau ngancurin negara ini. Kami akan siap mengusir kalian dari negara ini.
581,@agnes_nazila Kami warga Kendari mendukung pemindahan Ibu Kota negara
464,Dua dekade perjalanan dipenuhi dengan catatan yang perlu menjadi pijakan bagi DJPb terus mengevaluasi dan meningkatkan kinerja. Majalah Treasury Indonesia Volume I Tahun 2024 juga menghadirkan peran DJPb dalam mengawal pembangunan Ibu Kota Ibu Kota Negara (IKN)-
667,Dari sini saya bersyukur dari dulu saya emang suka sama peta wawasan Nusantara asean dan organisasi-organisasi internasional. Jadi apal yg namanya provinsi dan ibu kotanya. Bahkan beberapa nama blok tambang pun saya tau. Nama-nama organisasi dan ibu kota negara dunia juga.
319,@IKNnusantaraID Kami warga Bandung akan mengawal pembangunan IKN #IbuKotaNegara
842,Menkominfo mengungkapkan pegawai Kementerian Kominfo akan memulai berkantor di Ibu Kota Negara (IKN) Nusantara mulai Juli 2024. https://t.co/qD0liZfyy0
306,@IKNnusantaraID Pemindahan ibu kota nusantara adalah peluang besar bagi warga negara untuk memperbaiki kehidupan mereka. #IbuKotaNegara
307,@IKNnusantaraID 2045 usia q udh 58 th ga papa dah ttp dukung IKN Salam dari Banjarmasin #IbuKotaNegara
823,Stadion tersebut direncanakan sebagai pusat kegiatan olahraga dan pertandingan tingkat internasional di kawasan IKN. #IbuKotaNegara #IKNNusantara #PindahIbuKota https://t.co/zrYBbi5AaE
333,https://t.co/qjkwY1aqAN PPU Personil Satuan Tugas Operasi Nusantara Mahakam Polda Kaltim melaksanakan Patroli Kamtibmas secara intensif serta pengamanan di beberapa titik penting di kawasan Ibu Kota Negara (IKN). https://t.co/2r0AMM70ry
49,IKN membanggakan dengan lapangan upacara berstandar FIFA. #IbuKotaNegara #IKNNusantara #PindahIbuKota https://t.co/V5bboUrYKj
737,@youthful_mediaa Infrastruktur modern beri akses lebih mudah pada sumber daya alam #IbuKotaNegara
2,Tak hanya soal kabinet Prabowo juga mesti menghentikan semua warisan proyek Jokowi yang bermasalah serta membebani keuangan negara seperti Ibu Kota Negara Nusantara dan proyek kereta cepat.
545,Taxi terbang atau sky taxi akan digunakan sebagai transportasi publik di #IbukotaNegara #IKNNusantara #PindahIbuKota ONE WITH EXO #MNCR_Logistics Arsenal BTS IS COMING Rudal Yordania https://t.co/4guvKz8OR4
352,@meraaahputiiih Kehidupan budaya masyarakat Kalimantan Timur akan menjadi bagian dari ibu kota #IbuKotaNegara
907,DPR Usul Jakarta Jadi Ibu Kota Legislasi Sehingga tak Pindah ke IKN Ini Respons Istana https://t.co/4tzUidUrsr #Nusantara #IbuKotaNegara #IKN #Indonesia
589,Jelajahi revolusi teknologi terbaru di Nusantara Expo bawa impian ke realitas bersama Otorita IKN. #IbuKotaNegara #IKNNusantara #PindahIbuKota https://t.co/isSLthH29U
346,Nasib hidup di kampung Mau maen ke kota aja harus siap-siap jam segini Padahal tadinya mau nge gas nulis tapi apa daya ibu negara pengen hiling Padahal cuman keliling kota bandung doang 
997,@tanyakanrl @andresetiawanxt @IqbalMohamad_ hampura lur urng jadi warga ibu kota negara
483,Uji Coba Internet Starlink di IKN: Langkah Besar Menuju Akses Internet Global di Indonesia. #IbuKotaNegara #IKNNusantara #PindahIbuKota https://t.co/6qvtNFM7Jo
578,Pilgub DKI Jakarta akan tetap menjadi episentrum politik nasional di level pemilu lokal. Sekalipun tak lagi berstatus ibu kota negara Jakarta tetap memiliki magnet politik yg besar bagi sebagian politisi maupun partai politik.
33,@IKNnusantaraID Kesempatan untuk mendukung ekowisata dan pelestarian alam akan bertambah #IbuKotaNegara
31,@IKNnusantaraID IKN dapat menjadi platform yang memungkinkan kolaborasi antara pemerintah swasta dan masyarakat sipil dalam memajukan bangsa Indonesia. #IbuKotaNegara
231,Temen gue pake skincare mereknya kayak nama ibu kota negara komunis. Keren.
750,@ARSIPAJA Kebetulan di Sekolah saya yg jadi Guru Geografi bukan basic Sarjana Geografi atau Pendidikan Geografi. Zaman dulu ada namanya RPUL waktu SD rata-rata siswa sudah hafal ibu kota provinsi bahkan ibu kota negara-negara di dunia. Hidup Indonesia Emas Imitasi.
192,@IKNnusantaraID Pemindahan ini adalah langkah strategis dalam menjaga kelestarian alam #IbuKotaNegara
513,@DedynurPalakka @jokowi Ada yang berani taruhan ? IKN itu hanya akan menjadi ikon sebagai Ibu Kota Negara paling tdk 10 / 15 thn ke depan. Mengapa ? Krn belum layak dibuat sebagai Ibu kota negara yg layak Siapapun presiden berikutnya tdk akan benar 2 tinggal disana dalam waktu yg selayaknya di Jkt !
3,Hikmat Ginanjar https://t.co/nsVV7joUiZ. di Balai Kota Bandung. Ibu Herawati menyampaikan maksud dan tujuan audiensi kepada para peserta yang hadir yakni Pemartabatan Bahasa Negara di Lembaga Publik 2024. Di samping itu Ibu Hera menuturkan bahwa pemartabatan bahasa negara di
204,Sebuah demonstrasi massal terjadi di ibu kota Argentina melawan Presiden Javier Milei dan reformasinya termasuk penarikan sebagian dana pendidikan dari pemerintah. Surplus anggaran triwulanan pertama Argentina dalam 16 tahun telah meningkatkan jumlah penduduk miskin di negara https://t.co/iWlD8LReNd
433,@abangbelneg Infrastruktur modern dorong perkembangan sektor jasa profesional #IbuKotaNegara
576,Kota Baru dengan Potensi: Desa Kawasan IKN Siap Mengembangkan Ekonomi dan Masyarakat. #KotaPotensial #IbuKotaNegara #IKNNusantara #PindahIbuKota https://t.co/ifRz03OXtJ
981,perkara ginian doang aja diributin anjir dasar netizen ibu kota. ributin noh basic2 hidup manusia yg blm terjamah negara macem air bersih siap minum ketimpangan pendidikan dll
109,@ScariestProject Ibu kota negara ? Hehehehe
599,Karena secara de jure Jakarta udah resmi bukan Ibu kota negara lagi maka Indonesia adalah satu satunya negara di dunia saat ini yang Ibu kotanya bahkan belum punya penduduk tetap belum punya sarana prasarana sipil umum dan masih belum ada aktivitas administratif maupun ekonomi
77,https://t.co/qjkwY1aqAN PPU Personil Satuan Tugas Operasi Nusantara Mahakam Polda Kaltim melaksanakan Patroli Kamtibmas secara intensif serta pengamanan di beberapa titik penting di kawasan Ibu Kota Negara (IKN). https://t.co/5bYGQX8uiK
84,@meraaahputiiih Peningkatan transportasi akan membuka akses untuk lebih banyak orang #IbuKotaNegara
523,PLN UIP KLT dan Infrastruktur Kelistrikan IKN Nusantara #IbuKotaNegara #IKNNusantara #PindahIbuKota https://t.co/6VpOJbwljV
82,Sebuah langkah besar menuju masa depan yang lebih berkesinambungan dan inklusif. Dukungan terhadap pembangunan Ibu Kota Negara (IKN) yang baru adalah bukti komitmen kita untuk membangun fondasi yang kuat bagi generasi mendatang. #IbuKotaNegaraBaru #TransformasiNegara https://t.co/4d4VZrntN9
254,Pada hari Rabu 24 April 2024 Pukul 14.00 WITA bertempat di Kantor Otorita Ibu Kota Nusantara Balikpapan telah dilaksanakan Tindak Lanjut Penyelesaian Legal Opinion Jaksa Agung Muda Bidang Perdata dan Tata Usaha Negara Terhadap Permasalahan Pertanahan di Wilayah IKN Nusantara. https://t.co/qM0BZzZQGT
964,@tvOneNews Emang dia bisa apa?tau apa tentang memimpin ibu kota negara?belajar dulu ya dek jangan terlalu ambisi buat nguasai negeri ini.
408,Penampakan Kantor Prabowo di IKN Nusantara Kaltim Ada Rooftop hingga Plaza Habiskan Dana Rp 1 7 T #IKN #IKNNusantara #IbuKotaNegara #IbuKotaNusantara #Kaltim #KalimantanTimur https://t.co/vl9BqAvyd5 lewat @tribunkaltim
652,Laluan Gua Musang dijangka sibuk bermula esok https://t.co/KYh2EcNgI9 #Negara #Gua #ibu #kota #laluan
876,@KoalisiNetizen Kami warga Manado mendukung pemindahan Ibu Kota negara #PindahIbuKota
917,Kepala Rumah Tahanan Negara Kelas IIB Sabang Muhidfuddin beserta jajaran juga didampingi oleh Ibu Ketua Dharma Wanita Rutan Sabang membagikan Takjil Gratis kepada Masyarakat Kota Sabang di wilayah Kota Atas Jl. Untung Soerapati Kota Sabang.
436,Pembangunan #IbukotaNegara #IKNNusantara tahap I yang merupakan infrastruktur dasar akan tuntas pada akhir tahun 2024 #PindahIbuKota #WasitTop #JumatBerkah 96jutavoter02 awasihasilmk #PioliOut Ernando wasitafc gakbener https://t.co/JQeA43wmmV
5,DUNIA SEGERA MENGAKUI YERUSALEM SEBAGAI IBU KOTA ABADI NEGARA ISRAEL
404,PT Pos Indonesia siap menyediakan jasa kurir dan logistik hub pertama di Ibu Kota Negara Nusantara dengan tahap awal pembangunan kantor Pos Indonesia di Balikpapan. @PosIndonesia #PosIndonesia #PosIND https://t.co/5RnyMFdcAB
467,@terindukan Pemindahan Ibu Kota Nusantara mendapat dukungan penuh dari Presiden sebagai upaya penyebaran pembangunan yang lebih merata di seluruh Indonesia. #IbuKotaNegara
97,@tuyulsambat @convomf - Memiliki skor toefl minimal 450 - Mengetahui dengan baik nama nama 38 provinsi di indonesia beserta ibu kota - Hapal tabel periodik kimia - Paham trigonometri - Paham anatomi fisiologi tumbuhan dan hewan - Hapal nama 5 negara di asia tengah - Tahu ibu kota negara Kenya
558,Warga Iran turun ke jalan-jalan di Ibu Kota Teheran untuk menunjukkan dukungan terhadap serangan negara itu ke Israel. Dilansir dari Al Jazeera warga berdemonstrasi di depan Kedutaan Besar Inggris di Teheran Minggu (14/4) pagi. https://t.co/yj3RHlbwv5
359,@KoalisiNetizen Kalimantan Timur akan menjadi model dalam pengelolaan lingkungan yang baik #IbuKotaNegara
920,@meraaahputiiih Kami warga Tanjung Selor mendukung pemindahan Ibu Kota negara
266,Pesawat Aerobatik Bakal Hiasi Langit IKN Nusantara Kaltim Datang Bertahap Mulai 5 Agustus 2024 https://t.co/11QCR29hbb #IKNNusantara #Balikpapan #Samarinda #KalimantanTimur #UPDATE #Updates #Agustus #Jokowi #IbuKotaNegara #Indonesia
736,@youthful_mediaa IKN Nusantara membuka peluang kerja di sektor energi dan sumber daya alam #IbuKotaNegara
382,@KoalisiNetizen Pembangunan ibukota baru mencerminkan visi keberlanjutan Indonesia #IbuKotaNegara
692,Investasi Asing ke IKN Nusantara Didorong Lagi setelah Ada Putusan MK Bahlil: Komitmen Sudah Banyak #IKN #IKNNusantara #IbuKotaNegara #IbuKotaNusantara #Kaltim #KalimantanTimur #investasi #Bahlil https://t.co/Ttr7ATcQnL lewat @tribunkaltim
411,@abangbelneg Investasi di infrastruktur beri dampak positif pada sektor logistik #IbuKotaNegara
884,Menteri Pekerjaan Umum dan Perumahan Rakyat (PUPR) Basuki Hadimuljono mengabarkan presiden dan wakil presiden terpilih Prabowo Subianto dan Gibran Rakabuming Raka akan dilantik di Ibu Kota Negara (IKN) di Penajam Paser Utara Kalimantan Timur. Pelantikan presiden (Prabowo https://t.co/Bi97TnceBt
118,Pemindahan Ibu Kota Negara merupakan langkah visioner dan berani dari Presiden Joko Widodo
430,@abangbelneg Kesempatan pendidikan dan pelatihan akan berkembang di Kalimantan Timur #IbuKotaNegara
250,AHY Ungkap 2.086 Hektar Lahan IKN di Kaltim Masih Belum Clear Menteri ATR/BPN Beber Arahan Jokowi #IKN #IKNNusantara #IbuKotaNegara #IbuKotaNusantara #Kaltim #KalimantanTimur #Jokowi #AHY https://t.co/q5CJbUELSB lewat @tribunkaltim
342,Chad menuntut penghentian segera aktivitas militer AS di pangkalannya di negara Afrika tersebut Kepala staf angkatan udara Chad menyatakan bahwa dia belum menerima dokumen apa pun dari Amerika yang membenarkan kehadiran mereka di Pangkalan Udara Adji Kosse√Ø (BAK) di ibu kota https://t.co/zg9Vy4lFeV
9,@IKNnusantaraID 2045 usia q udh 58 th ga papa dah ttp dukung IKN Salam dari Banjarmasin #IbuKotaNegara
196,https://t.co/qjkwY1aqAN PPU Personil Satuan Tugas Operasi Nusantara Mahakam Polda Kaltim melaksanakan Patroli Kamtibmas secara intensif serta pengamanan di beberapa titik penting di kawasan Ibu Kota Negara (IKN). Jumat (26/04/24). https://t.co/85cdePanuM
754,@kikir @tanyakanrl Miris banget ga pernah baca-baca RPUL sama belajar dari peta buta siii Jangankan ibukota provinsi ibu kota negara negara juga wajib diapalin jaman dulu mah wkwk
81,Sebuah langkah besar menuju masa depan yang lebih berkesinambungan dan inklusif. Dukungan terhadap pembangunan Ibu Kota Negara (IKN) yang baru adalah bukti komitmen kita untuk membangun fondasi yang kuat bagi generasi mendatang. #IbuKotaNegaraBaru #TransformasiNegara https://t.co/zqPhuf25Wo
910,@Melvindiazza Kami warga Palu mendukung pemindahan Ibu Kota negara
478,@terindukan Ibu kota nusantara akan menjadi simbol kebangkitan Indonesia sebagai negara yang maju dan modern. #IKNNusantara
622,@KoalisiNetizen Kawasan ini menjadi pusat inovasi di sektor energi terbarukan #IbuKotaNegara
239,@meraaahputiiih pembangunan IKN akan memperhatikan aspek lingkungan dan sosial budaya #IbuKotaNegara
292,Sebuah langkah besar menuju masa depan yang lebih berkesinambungan dan inklusif. Dukungan terhadap pembangunan Ibu Kota Negara (IKN) yang baru adalah bukti komitmen kita untuk membangun fondasi yang kuat bagi generasi mendatang. #IbuKotaNegaraBaru #TransformasiNegara https://t.co/5mEdlNHw6Q
211,@DedyAhmady82203 Bersama Jokowi KAA terselenggara Asian Games terselenggara pindah ibu kota negara terlaksana pembangunan merata Indonesia maju dan football juga maju
720,@youthful_mediaa IKN Nusantara mendukung peningkatan penggunaan energi bersih dan ramah lingkungan. #IbuKotaNegara
361,Dukungan ini menginspirasi kita untuk dukung upaya-upaya ramah lingkungan lainnya #IbuKotaNegara #IKNNusantara #PindahIbuKota https://t.co/jw5Gq5dEOk
451,ibu kota negara bukan jakarta tapi solo SK opung
227,IKN Nusantara ramah lingkungan #IbuKotaNegara #IKNNusantara #PindahIbuKota https://t.co/12f1Mj9Kzt
859,Keren Risal Wasal juga dukung rencana ini. #IbuKotaNegara #IKNNusantara #PindahIbuKota https://t.co/34XQMO1mzI
362,Semua orang bakal merasakan manfaat dari langkah-langkah positif ini #IbuKotaNegara #IKNNusantara #PindahIbuKota https://t.co/KrSnrJclvH
799,KPN Sahkan Dr Akmal Ditahan #MGFlash Ketua Pemuda UMNO Dr Muhamad Akmal Saleh ditahan polis sebaik tiba di Lapangan Terbang Antarabangsa Kota Kinabalu Sabah pagi tadi. Ketua Polis Negara Tan Sri Razarudin Husain berkata Exco kerajaan Melaka itu dibawa ke Ibu Pejabat Polis https://t.co/OmIk1EA9t0
656,@korilakkuga Wajar kalo ga hafal semua ibu kota cuman kok greget aja sama mbanya yg req jabar kok jawab ngawur minimal pasti kan tau ibu kota negara itu jakarta letaknya dmana gitu..
549,IKN akan uji coba Taksi terbang besutan Hyundai pada Juli 2024 #IbuKotaNegara #IKNNusantara #PindahIbuKota https://t.co/r4XRiHB7QB
643,Sejumlah alasan memperkuat urgensi kepindahan ibu kota negara dari Jakarta ke IKN Nusantara. Pertimbangan tersebut antara lain terkait beban penduduk krisis air serta permasalahan transportasi. https://t.co/CsVdX12TqH
580,Persembahan terbaru teknologi masa depan dalam Nusantara Expo wujudkan mimpi di dunia digital. #IbuKotaNegara #IKNNusantara #PindahIbuKota https://t.co/VtbmEE3uQi
925,Pj Gubernur DKI Jakarta Heru Budi Hartono kembali menegaskan bahwa Jakarta masih berstatus sebagai Ibu Kota Negara meski UU DKJ telah disahkan. https://t.co/aD26QHE6xJ
370,@KoalisiNetizen Presiden Jokowi yakin bahwa pemindahan Ibu Kota Nusantara akan memperkuat tata kelola pemerintahan yang lebih baik dan efektif di Indonesia #IbuKotaNegara
7,@IKNnusantaraID Kami warga Gorontalo akan mengawal pembangunan IKN #IbuKotaNegara
155,@Miduk17 Jd istilah sorg penegak hukum di ibu kota.. list nama ada akn ttp hrs diseleksi krn dgn alsan demi keamanan negara tdk mgkn smua bs msk bui..lhaa uang nya udah kemana¬≤ sihh.. wkwkwkk
542,@abangbelneg Semoga keamanan di IKN tetap terjaga ngeri ada penyusup/teoris dll lewat hutan hutan #IbuKotaNegara
442,Meski tak lagi ibu kota negara parpol bakal menyeleksi ketat figur yang akan diajukan di Pemilihan Gubernur Jakarta. https://t.co/I8BHJVAVPE #Polhuk #AdadiKompas
819,@ziwasi @Marchfoward Again sembang. Dengan Pakistan pon last2 mellowed down pasal kes ritu. Negara jiran dia yang Sunni tu ada nuclear triad bukan takat dah biasa hadap perang siap boleh lenyapkan ibu kota dengan cuma sebijik nuclear-tipped CM/BM terlepas masuk.
398,Aparatur Sipil Negara yang akan pindah ke Ibu Kota Nusantara dijamin akan mendapatkan tempat tinggal berbentuk apartemen Untuk informasi berita menarik dan terkini lainnya simak Smart News Update melalui link berikut https://t.co/WMcaHgq8X4 #SmartNewsUpdate https://t.co/AmskzdRVm1
781,alokasi Rp 34 45 Triliun dianggarkan untuk pembangunan infrastruktur IKN pada tahun 2024 #IbuKotaNegara #IKNNusantara #PindahIbuKota https://t.co/5lmkJXyt2N
567,Hingga Sabtu (13/4) malam dilaporkan sudah ada 7 orang meninggal dunia menyusul aksi penusukan massal yang dilakukan seseorang di sebuah pusat perbelanjaan di Sydney Ibu Kota Negara Bagian New South Wales Australia pada Sabtu petang waktu setempat. . Sementara itu pelaku https://t.co/Uyvbu7xnbQ
590,@meraaahputiiih Kami warga Pangkalpinang mendukung pemindahan Ibu Kota negara
714,Pembangunan Runway VVIP di IKN Nusantara terus dikebut #IbuKotaNegara #IKNNusantara #PindahIbuKota https://t.co/DHPFrbr75g
937,@meraaahputiiih Pemindahan ibu kota nusantara akan mendorong pertumbuhan ekonomi nasional dan membawa manfaat bagi seluruh warga negara Indonesia
568,Iran tidak akan membiarkan kejadian rejim Zionis Israel yang menyerang kedutaan Iran di Damsyik Syria. Awal pagi tadi Iran melancarkan serangan ratusan peluru berpandu dan dron yang menyasarkan beberapa lokasi termasuk Tel Aviv ibu kota negara haram itu. Ikuti Berita https://t.co/0dfVyJCmQb
865,@KoalisiNetizen Ya Allah rasanya merinding banget..mudah mudahan allah memberikan kelancaran dalam pembangunan IKN dan Berhasil menjadi kota yang terbaik.. #IbuKotaNegara
531,@KotaNusantara Keputusan pemerintah untuk membangun ibukota baru adalah langkah transformatif #IbuKotaNegara
584,Teknologi canggih masa depan hadir di Nusantara Expo siap menginspirasi generasi mendatang. #IbuKotaNegara #IKNNusantara #PindahIbuKota https://t.co/vjfmZjKHcO
710,@youthful_mediaa Kalimantan Timur akan menjadi titik pusat dalam peta pembangunan global #IbuKotaNegara
450,Ibu kota dan kota terbesar di negara ini adalah Brussel; kota besar lain meliputi Antwerpen Gent Brugge Namur dan Leuven https://t.co/hFHDejo6nd
778,Ntah gimmick atau emang 'kosong' beneran. Ini baru soal ibu kota provinsi yang ada Indonesia gimana ibu kota negara di dunia
228,IKN Nusantara ramah lingkungan #IbuKotaNegara #IKNNusantara #PindahIbuKota https://t.co/5X3RDisl0x
536,@KotaNusantara Potensi pariwisata dan budaya lokal berkembang pesat #IbuKotaNegara
731,@youthful_mediaa Pemindahan ibu kota nusantara adalah peluang besar bagi warga negara untuk memperbaiki kehidupan mereka #IKNNusantara
212,IKN Nusantara üá≤üá® Pemindahan ibu kota negara dapat memberikan dampak pengurangan emisi karbon di Kalimantan Timur sebanyak 18 persen yang secara tidak langsung dapat mengubah struktur ekonomi wilayah tersebut __ Towel Adu Pinalti WHAT A GAME Kelly #AFCU23 Arkhan Uzbek El Klemer https://t.co/aSTWeKvXlj
79,Inovasi Berkelanjutan: Sistem Transportasi Cerdas di IKN untuk Tantangan Masa Depan. #IbuKotaNegara #IKNNusantara #PindahIbuKota https://t.co/wGOyEdPZGB
148,@abangbelneg Pertumbuhan ekonomi daerah dorong peningkatan kesejahteraan masyarakat #IbuKotaNegara
302,Bandara VVIP IKN Fungsional Agustus 2024 Kementerian Pekerjaan Umum dan Peruahan Rakyat PUPR Memastikan Bandara VVIP di IKN akan mulai difungsional pada Agustus 2024. #IbuKotaNegara #IKNNusantara #PindahIbuKota https://t.co/bwj6V6eZVu
662,IKN semakin diminati #IbuKotaNegara #IKNNusantara #PindahIbuKota https://t.co/KrTDL0xwIb
328,Jalan Tol IKN Nusantara di Kaltim Seksi 6A-6B Terganjal Masalah Lahan Pemerintah Cari Solusi #IKN #IKNNusantara #IbuKotaNegara #IbuKotaNusantara #Kaltim #KalimantanTimur #jalantolIKN #TolIKN https://t.co/px605yy2g9 lewat @tribunkaltim
926,Kedua Jakarta kehilangaan status Ibu Kota Negara dan menjadi kota Aglomerasi JabodetabekjurÔ∏è https://t.co/mASu6UGX83
344,Sebuah langkah besar menuju masa depan yang lebih berkesinambungan dan inklusif. Dukungan terhadap pembangunan Ibu Kota Negara (IKN) yang baru #IbuKotaNegaraBaru #TransformasiNegara https://t.co/ark2wLVD54
544,@NurRizally @alahmbogakro @el_avraham Tim-tim lepas juga karena campur tangan negara asing Australia dan juga militer asing. Masih banyak hal janggal di pembantaian Santa Cruz. Pembantaian bisa aja dilakukan di desa terpencil tapi ini di ibu kota provinsi. Beda zaman juga waktu itu jaman Suharto
506,Dalam koleksi foto eksklusif berikut terlihat Presiden China Xi Jinping dan Kanselir Jerman Olaf Scholz berjalan-jalan dan berpose untuk difoto di Beijing ibu kota China pada 16 April 2024. Xi bertemu dengan Scholz di Wisma Tamu Negara Diaoyutai di Beijing pada Selasa (16/4) https://t.co/vnyBGZcf0F
133,@abu_waras Ya murah lah. Malaysia kan ngga ada proyek mindahin ibu kota negara. Awokwowkwok
551,Ajang Kompetisi Karya Jurnalis Ibu Kota Negara https://t.co/oLNa5fUher
311,@IKNnusantaraID Kami warga Manado mendukung pemindahan Ibu Kota negara #IKNNusantara
844,Basuki Hadimuljono Menteri (PUPR) mengungkapkan rencananya presiden terpilih 2024-2029 akan dilantik di Ibu Kota Nusantara (IKN) Kalimantan Timur. Jawaban ini menyusul status DKI Jakarta yang sudah bukan lagi berstatus ibu kota negara.
952,Langkah Strategis Pertamina &amp; Bakrie Group di IKN Nusantara #IbuKotaNegara #IKNNusantara #PindahIbuKota https://t.co/bdHWplNlLa
0,Pelaksana Tugas Wakil Perdana Menteri untuk Urusan Ekonomi pemerintah sementara Afghanistan Mullah Abdul Ghani Baradar meresmikan tiga proyek jalan utama di Kabul ibu kota Afghanistan menurut laporan kantor berita milik negara Bakhtar. Selengkapnya https://t.co/OfmVRk3tYn https://t.co/OpCNWqB0TS
316,Bye..bye..bye DKI Jakarta. UU DKJ telah disetujui DPR RI pada 28 Maret 2024. Selangkah lagi Jakarta akan meninggalkan statusnya sebagai Ibu Kota Negara. Penerapan Undang-Undang Daerah Khusus Jakarta hanya tinggal menunggu peraturan presiden (Perpres). https://t.co/dkWvDGZejn
745,@youthful_mediaa Peningkatan fasilitas kesehatan akan memberi dampak positif bagi masyarakat #IbuKotaNegara
548,Forum Investor IKN dibentuk untuk percepat investasi di Nusantara Beberapa investor dalam dan luar negeri sepakat membentuk Forum Investor IKN untuk mempercepat proses investasi di kawasan ibu kota negara baru. Yordania Arsenal Tiara Scudetto Perang Dunia III Rudal Tidur https://t.co/iC8XMH4fPs
616,Keamanan siber akan menjadi prioritas utama dalam pembangunan IKN Nusantara #IbuKotaNegara #IKNNusantara #PindahIbuKota https://t.co/YDC1Li3vKF
533,@KotaNusantara Kalimantan Timur akan menjadi contoh sukses dalam transformasi ekonomi #IbuKotaNegara
479,@ShaniaLorenzz Pemindahan ibu kota nusantara adalah peluang besar bagi warga negara untuk memperbaiki kehidupan mereka
873,@KoalisiNetizen Kalimantan Timur akan menjadi pusat seni dan budaya yang hidup #IbuKotaNegara
172,@convomf Overall jkt walaupun rame bgt tapi namanya jg ibu kota negara jd pasti lebih lengkap
125,Korea Selatan (Korsel) akan menghibahkan satu unit instalasi pengolahan airnya (IPA) atau water treatment plant untuk Ibu Kota Negara (IKN) Nusantara. #iknnusantara #indonesiamaju https://t.co/UTAD83AKy2
424,@abangbelneg Kami warga Palembang mendukung pemindahan Ibu Kota negara #IbuKotaNegara
422,@abangbelneg Tentu saja proses pemindahan Ibu Kota Negara tidak mudah dan harus mendapat dukungan dari semua elemen masyarakat #IbuKotaNegara
828,@adriansyahyasin @trotoarian @DKIJakarta Disaat negara maju berlomba-lomba menutup jalan jadi ruang terbuka hijau disisi lain ada ibu kota yang katanya infrastruktur lengkap malah fokus melebarkan jalan.
906,Jakarta Masih Berstatus Ibu Kota Negara #dkijakarta #ibukota https://t.co/NGH9p9idOg
90,Jokowi Teken Pengesahan UU DKJ Jakarta Tak Lagi Ibu Kota Negara? https://t.co/UMVm9EzxHr
942,Otorita IKN menegaskan komitmennya untuk memfasilitasi warga Sepaku sejalan dengan pembangunan IKN Nusantara. #IbuKotaNegara #IKNNusantara #PindahIbuKota https://t.co/hyTWeX8CeK
181,@IKNnusantaraID Kami warga Samarinda mendukung pemindahan Ibu Kota negara
274,@DPecola Kami warga Kendari mendukung pemindahan Ibu Kota negara #IbuKotaNegara
898,Buset ini ibu kota negara loe beneran diganti???
69,@meraaahputiiih Tentu saja proses pemindahan Ibu Kota Negara tidak mudah dan harus mendapat dukungan dari semua elemen masyarakat #IbuKotaNegara
291,Ibu kota negara bangetttttttt
131,@Bohoes Kami warga Jakarta mendukung pemindahan Ibu Kota negara
300,Sekitar 2 Ribu Hektar Lahan IKN Nusantara di Kaltim Masih Bermasalah Respons Menteri ATR/BPN AHY #IKN #IKNNusantara #IbuKotaNegara #IbuKotaNusantara #Kaltim #KalimantanTimur #lahanIKN https://t.co/DYPhdPK4nb lewat @tribunkaltim
582,Otorita IKN Nusantara (OIKN) menyebut bahwa desa di wilayah Kecamatan Sepaku Kabupaten Penajam Paser Utara Provinsi Kalimantan Timur yang masuk kawasan ibu kota negara baru Indonesia yakni Kota Nusantara akan berubah status menjadi kota. https://t.co/aDSzBb1NnF
326,@unorthodoxnun Trus main game inii jadi hapal nama2 negara ibu kota provinsi dll wkwkw https://t.co/oHoSxKz8aq
144,dukung Kota Hijau IKN melarang kendaraan BBM #IbuKotaNegara #IKNNusantara #PindahIbuKota https://t.co/Qh5fFmkgcp
425,@abangbelneg Semoga dengan pindahnya Ibu Kota Negara ke Kalimantan Indonesia akan semakin maju #IbuKotaNegara
583,Jelajahi revolusi teknologi terbaru di Nusantara Expo bawa impian ke realitas bersama Otorita IKN. #IbuKotaNegara #IKNNusantara #PindahIbuKota https://t.co/St5azrL2Xw
135,https://t.co/qjkwY1aqAN PPU Satgas Ops Nusantara Polda Kaltim melaksanakan patroli sambang kamtibmas serta pengamanan di beberapa titik penting di kawasan Ibu Kota Negara (IKN). Sabtu (27/04/24). https://t.co/0nD1mlQ3rl
665,pdhl pengetahuan sekedar tau ibu kota provinsi tu penting untuk memahami bagaimana cara kerja negara dan pemerintahan yg mana suatu hari lu bakal ikut serta di dalamnya kek caleg or pemilu that's why it's called BASIC KNOWLEDGE. kek lu gabutuh tau kalkulus tp minimal tau 1+1 https://t.co/B3iM62MU3w
164,Inovasi berbasis teknologi: Langkah strategis untuk mewujudkan kota-kota pintar di Indonesia. #IbuKotaNegara #IKNNusantara #PindahIbuKota https://t.co/jFADYcHfpK
28,Presiden #JokoWidodo #Jokowi menandatangani #UU Nomor 2 Tahun 2024 tentang Provinsi Daerah Khusus Jakarta #UUDKJ. UU ini mengatur pemindahan ibu kota negara dari #Jakarta ke #IbuKotaNusantara.*** https://t.co/MvRv3lAEsC https://t.co/mTe5RwHnbb
760,Dan di jaman SD (Iya SD bukan geografi SMA kayak bocil2 di video ini) ada guru SD ku yg dulu bikin mnemonic/jembatan keledai ibu kota negara seluruh dunia pakai lagu
193,@IKNnusantaraID Superhub Nusantara bikin Jakarta jadi kota paling happening IKNNusantara IKNNusantara #IbuKotaNegara
992,Ternyata Indonesia Jadi Negara Pertama yang Memindahkan Ibu Kota Negara Lintas Pulau https://t.co/ofQXQwmXiQ lewat @Keuangan News
704,@youthful_mediaa Keputusan pemerintah untuk membangun ibukota baru adalah langkah transformatif #IbuKotaNegara
169,Menggerakkan revolusi urban: Koordinator smart city dorong transformasi digital di IKN Nusantara. #IbuKotaNegara #IKNNusantara #PindahIbuKota https://t.co/3PKcWRb2Ql
490,Deputi Bidang Pendidikan Pimpinan Tingkat Nasional Lemhannas RI menggelar diskusi panel bidang studi sismennas untuk membahas pemindahan ibu kota negara melalui perspektif sistem manajemen nasional. https://t.co/nXpqJLNy4n
140,@abangbelneg Peningkatan akses kesehatan akan meningkatkan kesejahteraan masyarakat #IbuKotaNegara
173,@bantuaminin @worksfess setauku penempatannya di ibu kota negara
6,@IKNnusantaraID IKN Nusantara akan memperkuat ketahanan ekonomi dan mengurangi ketergantungan impor baja. #IbuKotaNegara
644,Sejumlah alasan memperkuat urgensi kepindahan ibu kota negara dari Jakarta ke IKN Nusantara. Pertimbangan tersebut antara lain terkait beban penduduk krisis air serta permasalahan transportasi. https://t.co/hJl4Hw8zFj
634,@KoalisiNetizen Kontribusi sektor jasa terhadap ekonomi nasional semakin besar #IbuKotaNegara
73,Republik Demokratik Kongo negara luas di jantung Afrika tersohor sebagai destinasi safari dan rumah Tarzan. Mulai Juni 2024 ibu kota negara ini Kinshasa akan dilayani oleh Qatar Airways. Selengkapnya klik tautan berikut: https://t.co/6eNTxU1XC0
973,Yang lebih memprihatinkan tidak hanya rumah sakit di sejumlah daerah yg tidak mampu lagi merawat pasien DBD yg membludak tapi juga di Ibu kota negara.Banyak kalangan yang menyalahkan cuaca sbg penyebabnya.Namun apakah demikian? #IndonesiaDaruratDBD #IndonesiaSehatDenganIslam
978,Hunian di IKN menggunakan teknologi MOBOX #IbuKotaNegara #IKNNusantara #PindahIbuKota https://t.co/AasLchae3G
238,Jakarta ditargetkan menjadi pusat ekonomi dan kota global usai lepas status dari ibu kota negara. Namun upaya mewujudkan ambisi itu masih memerlukan perjalanan panjang. Lalu apa saja parameter yang harus dipenuhi? https://t.co/vBmRVk5b0X #WrapUp #PodcastIndonesia https://t.co/kVX3qR3u5h
145,Sebuah langkah besar menuju masa depan yang lebih berkesinambungan dan inklusif. Dukungan terhadap pembangunan Ibu Kota Negara (IKN) yang baru adalah bukti komitmen kita untuk membangun fondasi yang kuat bagi generasi mendatang. #IbuKotaNegaraBaru #TransformasiNegara https://t.co/IQHdqAPZQr
800,https://t.co/qjkwY1aqAN PPU Personil Satuan Tugas Operasi Nusantara Mahakam Polda Kaltim melaksanakan Patroli Kamtibmas secara intensif serta pengamanan di beberapa titik penting di kawasan Ibu Kota Negara (IKN). https://t.co/DWqaNI7dWy
234,Riwayat Jakarta dari Berstatus Ibu Kota Negara DKI Jakarta Kemudian Hanya Daerah Khusus Jakarta https://t.co/g8wQDdNcnG #TempoNasional
220,Inovasi berbasis teknologi: Langkah strategis untuk mewujudkan kota-kota pintar di Indonesia. #IbuKotaNegara #IKNNusantara #PindahIbuKota kOREA #ASIANCUPU23 #TIMNASU23 SHIN TAE YONG #AFCU23AsianCup2024 BUNG TOWEL WASITNYA WITCHCRAFT https://t.co/Ej8rZWMiWq
477,@ShaniaLorenzz Pemindahan ibu kota nusantara akan mendorong pertumbuhan ekonomi nasional dan membawa manfaat bagi seluruh warga negara Indonesia
835,IKN dan meikarta Adalah membuat negara di dalam negara Jakarta tetap ibu kota
132,@Bohoes Peningkatan sektor industri dorong pertumbuhan ekonomi lokal #IbuKotaNegara
993,Mi Yan punya kakak laki laki namanya Mi Yuan. Seorang pedagang dan petani Yuan orang biasa yang tidak terikat dengan negara manapun setelah mendapatkan informasi tentang adiknya dia pergi ke ibu kota Cao Wei Xu Chang. #HeChaverse Note: Yuan tidak suka sama oshi https://t.co/PBRmT1sS0s
943,6 Investor Swasta IKN Nusantara Komitmen Bangun Sarana Pendidikan Tengok 6 investor swasta IKN Nusantara komitmen bangun sarana pendidikan dan perumahan di ibu kota negara baru Kalimantan Timur. Nadiem Beckham Susu Aisyah April Mob Selvi Nabrak Arsenal https://t.co/k8y8rdUIJA
185,@IKNnusantaraID Kami warga Jakarta mendukung pemindahan Ibu Kota negara #IKNNusantara
41,Sebuah langkah besar menuju masa depan yang lebih berkesinambungan dan inklusif. Dukungan terhadap pembangunan Ibu Kota Negara (IKN) yang baru adalah bukti komitmen kita untuk membangun fondasi yang kuat bagi generasi mendatang. #IbuKotaNegaraBaru #TransformasiNegara https://t.co/EDiWH3hEKj
613,https://t.co/qjkwY1aqAN PPU Di Momen Hari Raya Idul Fitri 1445 H Personil Satuan Tugas Operasi Nusantara Mahakam Polda Kaltim tetap siaga lakukan Patroli Kamtibmas secara intensif serta pengamanan di beberapa titik penting di kawasan Ibu Kota Negara (IKN). https://t.co/5mvZQ1LkW6
108,@Duren___ Daripada tidak ada ibu negara yang ada cuma ibu kota ya ndak apa-apa lanjut
591,@reiMurilin12 Bebagai lapiran elemen masyarakat harus mendukung proses pemindahan Ibu Kota Negara ke Kalimantan
56,Tak Jadi Ibu Kota Negara Jakarta Bakal Jadi Kota Global Kawasan Barat Jakarta Tetap Prospektif https://t.co/2XJGx8RGhW
529,@KotaNusantara Peningkatan sektor industri beri dorongan pada peningkatan kualitas produk #IbuKotaNegara
869,Nungguin kabar selanjutnya deh semoga proyeknya jadi kenyataan. #IbuKotaNegara #IKNNusantara #PindahIbuKota https://t.co/3dbfH17dqX
933,@meraaahputiiih Kami warga Tanjungpinang mendukung pemindahan Ibu Kota negara
863,@KoalisiNetizen Keberlanjutan ekonomi akan menjadi tujuan dalam setiap kebijakan pembangunan #IbuKotaNegara
24,@IKNnusantaraID Kesempatan pendidikan dan pelatihan akan berkembang di Kalimantan Timur #IbuKotaNegara
649,IKN Nusantara dipastikan tetap aman saat momen libur Lebaran 2024 #IbuKotaNegara #IKNNusantara #PindahIbuKota https://t.co/7zqLDoX7Nn
448,Ibu kotanya - Taipei adalah ibu kota dan kota terbesar di Taiwan sebuah negara pulau di Asia Timur. Taipei terletak di bagian utara Taiwan dikelilingi oleh pegunungan dan sungai. https://t.co/We8VSQVjhg
532,@KotaNusantara Pemindahan ini adalah upaya bersama untuk mencapai visi pembangunan berkelanjutan #IbuKotaNegara
621,@KoalisiNetizen Kalimantan Timur akan menjadi model dalam pengelolaan sumber daya alam #IbuKotaNegara
697,Video: Nasib Aset Negara Usai Jakarta Tak Lagi Jadi Ibu Kota https://t.co/pgn7HZfBPy
929,@meraaahputiiih Semoga dengan pindahnya Ibu Kota Negara ke Kalimantan Indonesia akan semakin maju
338,Dulu di sekolah disuruh hapalin nama2 ibu kota provinsi ibu kota negara. Sampe sekarang jd hapal
51,IKN memastikan lapangan upacara sesuai standar FIFA untuk kemajuan olahraga Indonesia. #IbuKotaNegara #IKNNusantara #PindahIbuKota https://t.co/h796EbEUV9
666,Investasi Asing ke IKN Nusantara Didorong Lagi setelah Ada Putusan MK Bahlil: Komitmen Sudah Banyak #IKN #IKNNusantara #IbuKotaNegara #IbuKotaNusantara #Kaltim #KalimantanTimur #investasi #Bahlil https://t.co/Ttr7ATcQnL lewat @tribunkaltim
620,@KoalisiNetizen Investasi di infrastruktur tingkatkan konektivitas antarwilayah #IbuKotaNegara
923,@garudadidada10 Pemindahan ibu kota mencerminkan visi Indonesia sebagai negara yang berkeadilan
635,@KoalisiNetizen Pertumbuhan sektor properti bawa efek positif pada industri konstruksi #IbuKotaNegara
264,@abangbelneg Pemindahan Ibu Kota Negara merupakan langkah visioner dan berani dari Presiden Joko Widodo
538,@KotaNusantara Infrastruktur modern beri dorongan pada pertumbuhan sektor manufaktur #IbuKotaNegara
713,Setelah Lebaran 2024 Starlink Uji Coba di IKN #IbuKotaNegara #IKNNusantara #PindahIbuKota https://t.co/8q0j5Jy2el
685,@cania_citta sekedar pengalaman pribadi dulu sd - smp suka bgt geografi sampe hapal banyak ibu kota provinsi dan juga ibu kota negara di dunia tapi semenjak SMA memutuskan ambil jurusan mipa dan juga di sklh jurusan MIPA gaada geografi perlahan-lahan mulai lupa beberapa ibu kota provinsi-
949,Anggaran untuk IKN Nusantara Tahun 2024 disebut akan Ditambah Sri Mulyani tak Sebut Nominalnya #IKN #IKNNusantara #IbuKotaNegara #IbuKotaNusantara #Kaltim #KalimantanTimur #anggaran #Menkeu #SriMulyani https://t.co/o0pUylTCNa lewat @tribunkaltim
519,@ARSIPAJA 1. karena dampak banyak negara yang lockdown saatnya buka pintu sebesar-besarnya bagi para wisatawan. covid? tinggal minumin jamu. 2. krn pasien covid smakin banyak kita putuskan untuk tambah hutang dan bangun ibu kota klo bukan sekarang kapan lagi.
449,Amerika Serikat adalah sebuah republik konstitusional federal terletak di Amerika Utara. Negara ini terkenal dengan keragaman budaya ekonomi yang kuat dan peran pentingnya dalam urusan dunia. Ia terdiri dari 50 negara bagian dengan ibu kota di Washington D.C.
18,@IKNnusantaraID Kami warga Pontianak mendukung pembangunan IKN Nusantara #IbuKotaNegara
718,@youthful_mediaa Kami warga Bandung akan mengawal pembangunan IKN #IbuKotaNegara
485,@tijabar @aniesbaswedan GERAKAN PENDOBRAK MENUJU KE PRESIDEN WAJIB DIPERSIAPKAN MULAI DARI GUBERNUR DKI KRN DKI TIDAK BISA DIRUBAH MODUS APAPUN SEBAGAI IBU KOTA NEGARA SEJAK JAMAN PENJAJAHAN BANYAK PERJUANGAN BILA DIPIMPIN ORANG YG AMANAH PASTI SEMAKIN BAIK MAKANYA YG IRI DENGKI HASUT HAPUS KKN NEPOTPOL
570,https://t.co/FDl9WJ8V7w Konsul Jendral RI di Sydney Vedi Kurnia Buana meminta warga negara Indonesia yang berada di Sydney Australia untuk menghindari area keramaian dan tetap waspada pascapenusukan massal di ibu kota Negara Bagian New South Wales itu.
1001,Anggota Ombudsman RI Hery Susanto mengatakan Jakarta tetap menjadi daerah khusus meskipun tidak lagi menjadi ibu kota negara. https://t.co/2IyR8lKpvH #jakarta #ibukota https://t.co/CIDyDmXx4p
367,Dua pengusaha asal Bali I Nengah Natyanta dari Coco Group Bali dan I Gede Bingin Mustika dari Plaga Farm Bali menandatangani kerja sama dengan PT Bina Karya (Persero) untuk pengembangan bisnis di Ibu Kota Negara (IKN) Nusantara. https://t.co/8jBsWEfHea
83,@meraaahputiiih IKN Nusantara membuka peluang bisnis bagi startup dan perusahaan teknologi di Indonesia. #IbuKotaNegara
61,Jakarta masih berstatus sebagai ibu kota negara walau Jokowi sudah meneken UU DKJ. Lantas kapan status Jakarta sebagai ibu kota negara berakhir? https://t.co/GWhcv3JQ0C
439,penataan tata ruang dan kawasan strategis Ibu Kota Nusantara yang mempunyai pengaruh sangat penting terhadap kedaulatan negara pertahanan dan keamanan negara ekonomi sosial budaya dan lingkungan termasuk wilayah yang telah ditetapkan sebagai warisan dunia. Hal ini mengacu https://t.co/kfnTYHunN3
272,@DPecola Kami warga Manado mendukung pemindahan Ibu Kota negara #PindahIbuKota
285,@abangbelneg Maju Indonesia Ku bersama Nusantara ! #IbuKotaNegara
360,Pemerintah menargetkan sebanyak delapan menara apartemen di Ibu Kota Nusantara (IKN) Penajam Paser Kalimantan Timur rampung dibangun Juli 2024. Menara apartemen tersebut nantinya akan ditinggali para Aparatur Sipil Negara (ASN) dari Jakarta. https://t.co/HLOSbZYohv -BAY https://t.co/kpij5Lj1qF
354,@meraaahputiiih Peningkatan fasilitas kesehatan akan meningkatkan pelayanan medis bagi rakyat #IbuKotaNegara
989,Ibu Kota Negara akan Segera Pindah ke IKN Pakar Tata Negara Pertanyakan Kebutuhan Konstitusinya. https://t.co/Xcz5bpWqqL
278,@Gunawan75_ Bangun ibu kota negara utang ke Cina Bikin sawah hutang kecina Tenaga kerjanya dari cina Modal di pinjam ke Cina untuk bayar TKA cina dgn upah sangat tinggi Ibarat udah bikin pondasi kuat buat cina di Indonesia
12,@IKNnusantaraID Kami warga Jambi mendukung pembangunan IKN Nusantara #IbuKotaNegara
182,@DoankWarto Jokowi berdasarkan usulan2 dr parpol2 : 1. Bapak Infrastruktur. 2. Bapak Ibu Kota Negara. 3. Bapak Rekonsiliasi.
368,@KoalisiNetizen Pemindahan ini memperlihatkan kesungguhan Indonesia dalam mencapai kemajuan #IbuKotaNegara
494,Pemerintah akan memberikan 1 unit apartemen untuk 1 aparatur sipil negara (ASN) yang pindah ke Ibu Kota Nusantara (IKN). https://t.co/6vlmKg648w
618,@KoalisiNetizen Infrastruktur modern beri stimulan pada pertumbuhan sektor jasa keuangan #IbuKotaNegara
223,Proses pemindahan Aparatur Sipil Negara (ASN) ke Ibu Kota Nusantara (IKN) akan dilakukan secara ketat guna mendapatkan talenta-talenta terpilih. https://t.co/Hlga1VDZEK
575,Kota Baru dengan Potensi: Desa Kawasan IKN Siap Mengembangkan Ekonomi dan Masyarakat. #KotaPotensial #IbuKotaNegara #IKNNusantara #PindahIbuKota https://t.co/KZGx8LOumr
911,Negara yatim piatu. Emang emang bapak kota gapernah ada sekarang gapunya ibu kota. Bener bener dah. https://t.co/vHFX0wf63F
866,Gabung tiga negara bakal jadi prestasi luar biasa! #IbuKotaNegara #IKNNusantara #PindahIbuKota https://t.co/YAZ4NVUndF
631,Inovasi dalam teknologi akan mengoptimalkan sistem pertahanan #IbuKotaNegara #IKNNusantara #PindahIbuKota https://t.co/3StuBbmeh0
585,Para pendukung berharap langkah ini akan membantu meredam kekacauan di negara Karibia yang bermasalah di mana sebagian besar wilayah ibu kota Haiti masih berada dalam cengkeraman geng kriminal. https://t.co/IoiaYqJeyv
611,@tanyarlfes Parah! Gak kenal geografi negara sendiri. Gak usah nyebut2 NKRI harga mati kalau kalian sampe gak hafal provinsi dan ibu kota provinsi di Indonesia
176,Pemerintah menyatakan seleksi Aparatur Sipil Negara (ASN) untuk penempatan di Ibu Kota Nusantara (IKN) akan lebih ketat. #Syarat #ASN #IKN #MedcomId https://t.co/6phW9jryFD
668,Dulu jg w kegnya krg gizi tp kgk seoon itu dah.............. ibukota negara sendirimah gampang. Lah apakabar ibu kota negara laen 
630,@txtdrjkt Otaknya kecampur air got itu. Plat B. Malu2in ibu kota negara.
588,@meraaahputiiih Kami warga Bengkulu mendukung pemindahan Ibu Kota negara
521,@gilang_ahm31272 @jokowi JOKOWI presiden terbaik sepanjang sejarah RI beliau berhasil membangun infrastruktur merata mulai jalan tol ribuan km kereta cepat bandara2 intl bendungan LRT MRT trans papua ibu kota negara terminal bus modern dan ratusan PSN lainnya ia presiden kami bukan pembencinya
393,Mantan Perdana Menteri Inggris Tony Blair akan membantu penyediaan konektivitas internet di Ibu Kota Negara (IKN) Nusantara. https://t.co/az4ynti3Fx
163,AHY Tegaskan tak akan Terbtkan Sertifikat Hak Pakai Lahan di IKN Kaltim yang Belum Clean and Clear #IKN #IKNNusantara #IbuKotaNegara #IbuKotaNusantara #Kaltim #KalimantanTimur #lahanIKN #AHY #MenteriATRBPN https://t.co/7WGvsrt32f lewat @tribunnews
248,Ibu pernah ngomong Kalau bertemannya bertiga biasanya 1 bakal pisah jauh (hidup/mati) bisa karena pindah kota/negara juga. Ternyata benar.
741,@youthful_mediaa Kami warga Banda Aceh mendukung pembangunan IKN Nusantara #IbuKotaNegara
888,@abangbelneg Semoga dengan pindahnya Ibu Kota Negara ke Kalimantan Indonesia akan semakin maju
774,@aightxx @Strategi_Bisnis justru seharusnya duit yg dipake buat bangun kereta cina dan ibu kota baru cina ini buat ngeratain infrastruktur di negara ini. Kenapa sih pemikiran orang-orang kalimantan tuh sebego ini? pantes dari kalian banyak yg setuju sama IKN yg justru menjajah tanah kalian 
375,@KoalisiNetizen Potensi industri kreatif dan teknologi akan semakin berkembang di Kalimantan Timur #IbuKotaNegara
412,@txttransportasi Jakarta Jakarta kamu enggak kasian sama kota-kota lain itu? Udah kehilangan status ibu kota negara tapi masih mau buat transportasi publik. Sampe warganya sekarang udah ada yang halu kotanya punya MRT
74,@awesomeposted Admin @awesomeposted KUPER.. dari dulu diluar mekkah dan madinah juga boleh.. bahkan di ryadh (ibu kota negara) lebih liberal lagi. Mending di hapus deh dari pada framming hoax kaya gini.. atau memang sengaja mau framing jahat soal islam @CCICPolri @DivHumas_Polri @Kemenag_RI
113,@Bohoes Kami warga Bengkulu mendukung pemindahan Ibu Kota negara
694,@AraituLaki baru juga ibu kota provinsi kalo ibu kota negara dunia makin ngaco tuh ‚ÄçÔ∏è
921,Tapi jujur nak tanya apa usaha kita (siapa siapa jelah) nak kurangkan bilangan haiwan tepi jalan ni? Negara lain boleh je pastikan haiwan tak berkeliaran Hatyai yang jauh daripada ibu kota Bangkok tu pun susah nak nampak haiwan berkeliaran kita sampah pun bersepah weiyh 
390,@KoalisiNetizen Keputusan pemerintah untuk membangun ibukota baru adalah langkah transformatif #IbuKotaNegara
104,Kebijakan Masa Depan: Sistem Transportasi Cerdas Mendukung Keberlanjutan di IKN. #IbuKotaNegara #IKNNusantara #PindahIbuKota https://t.co/75IEx4b5Ih
114,@Bohoes Kami warga Bandar Lampung mendukung pemindahan Ibu Kota negara
417,@abangbelneg Kami warga Surabaya akan mengawal pembangunan IKN #IbuKotaNegara
711,@youthful_mediaa Kalimantan Timur akan menjadi pusat riset lingkungan dan sumber daya alam #IbuKotaNegara
457,@reiMurilin12 Pindahan ibu kota bikin kita semakin on track buat jadi negara unggulan.
409,@abangbelneg Proyek IKN Nusantara mendukung transformasi ekonomi Indonesia ke arah digitalisasi #IbuKotaNegara
92,Presiden Jokowi Teken UU DKJ Jakarta Bersiap Lepas Status Ibu Kota Negara. Uzbekistan KENCENG menit gempa One Kiss Innalillahi https://t.co/uTjr77ecEQ
602,Hatur nuhun @jokowi setelah Jakarta bukan lagi ibu kota sekarang Indonesia jadi satu-satunya negara yg ibu kotanya belum jadi. Si pintar.
89,@meraaahputiiih Terima kasih PUPR telah membantu penyelesaian pembangunan IKN Nusantara #IbuKotaNegara
336,@msaid_didu Sudah makin bangkrut saat asset2 dijual untuk tutupi hutang dan paksakan modali Ibu Kota wakanda....Model penguasa koq begini ? Pengkhianatan kedaulatan negara !!
991,Jakarta Bukan Lagi Ibu Kota Negara https://t.co/idRODUUVj0
924,Kamu lebih suka Ibu Kota Negara tetap di Jakarta atau pindah ke Kalimantan Timur? https://t.co/2XLjEEg96o
936,Melalui kolaborasi dengan pemerintah daerah dan stakeholder terkait Otorita IKN bertujuan untuk meningkatkan kesejahteraan warga Sepaku. #IbuKotaNegara #IKNNusantara #PindahIbuKota https://t.co/R2pTvvlbcu
636,@KoalisiNetizen Peningkatan transportasi akan membuka akses baru bagi daerah terisolasi #IbuKotaNegara
596,@reiMurilin12 Semangat pindah Ibu Kota Negara
994,Para bajingan itu termakan keputusan mereka sendiri. Mereka lah perusak negara ini. DPR Tidak Mau Pindah ke IKN Usul Jakarta Jadi Ibu Kota Legislasi https://t.co/iUITmtYw9L #JokowiNoMoreAniesForever #JokowiNoMoreAniesForever
94,Bebagai lapiran elemen masyarakat harus mendukung proses pemindahan Ibu Kota Negara ke Kalimantan
11,@IKNnusantaraID Dukung pemindahan Ibu Kota Nusantara sebagai upaya penataan kembali negara Indonesia secara keseluruhan. #IKNNusantara
396,@tempodotco Ibu kota dari investasi beberapa negara apakah berdaulat rawan pak.
534,@KotaNusantara Peningkatan fasilitas pendidikan akan memajukan potensi manusia Indonesia #IbuKotaNegara
43,Alasan Agus Harimurti Yudhoyono Siap Dipindahkan ke IKN Kaltim Daftar Menteri yang Pertama Pindah #IKN #IKNNusantara #IbuKotaNegara #IbuKotaNusantara #Kaltim #KalimantanTimur #AHY #AgusHarimurtiYudhoyono https://t.co/kqbOheB9FA lewat @tribunkaltim
42,Sebuah langkah besar menuju masa depan yang lebih berkesinambungan dan inklusif. Dukungan terhadap pembangunan Ibu Kota Negara (IKN) yang baru adalah bukti komitmen kita untuk membangun fondasi yang kuat bagi generasi mendatang. #IbuKotaNegaraBaru #TransformasiNegara https://t.co/CvYKiwpTnH
329,Kalo IKN sebagai Ibu Kota Negara sudah siap dengan segala fasilitas dll tak perlu iming2. Semua orang pasti pindah walau dicegat.
167,Terobosan menuju masa depan: Langkah Presiden Jokowi untuk memajukan infrastruktur digital di Indonesia. #IbuKotaNegara #IKNNusantara #PindahIbuKota https://t.co/7aRw4hgIlD
499,@officialinews_ Tp fakta yg terjadi pemimpin negri ini lbh ingin dikenal di masa dpn bhw akulah yg membuat proyek monumental Ibu Kota Negara Baru!
879,@KoalisiNetizen Pemindahan ini mengirim pesan positif tentang perubahan menuju kebaikan #IbuKotaNegara
939,Melalui sinergi dan kemitraan yang kuat Otorita IKN berusaha memastikan bahwa pembangunan IKN memberikan dampak positif yang berkelanjutan bagi masyarakat Sepaku. #IbuKotaNegara #IKNNusantara #PindahIbuKota https://t.co/isfD3voo54
759,RPUL + ATLAS ternyata sangat berguna abis liat video yg tadi. fungsinya mungkin sama kayak google jaman sekarang tapi baca secara fisik bener2 ketanem di memori. nama ibu kota negara mata uang dulu beberapa ada yg hapal gara2 RPUL.
100,Perjalanan Berkelanjutan: Sistem Transportasi Cerdas Merespons Tantangan IKN. #IbuKotaNegara #IKNNusantara #PindahIbuKota https://t.co/lKCV6dCajk
426,@abangbelneg Kami warga Bengkulu mendukung pemindahan Ibu Kota negara #IbuKotaNegara
178,@IKNnusantaraID Ibu kota nusantara akan menjadi simbol kebangkitan Indonesia sebagai negara yang maju dan modern
444,@PolJokesID Karena Nusantara minim investor ibu kota negara yang baru jadinya dipindah ke bojongsoang. Revisi UU akan segera menyusul 
416,@abangbelneg Semoga pembangunan IKN dilancarkan dipermudah sampai selesai nanti menjadi peradaban baru masa depan baru bagi Indonesia dan dunia #IbuKotaNegara
