word,Frekuensi
ikn,220
iknnusantara,107
pemindahan,76
jakarta,71
pembangunan,64
kalimantan,60
mendukung,46
menjadi,42
kaltim,34
yg,30
sebagai,26
jokowi,25
pemerintah,22
sebuah,18
menuju,17
ibukota,17
peningkatan,16
dukungan,16
tersebut,16
lingkungan,16
dulu,15
-,14
terhadap,14
asn,14
membangun,13
semoga,13
secara,13
pertumbuhan,12
memberikan,12
meningkatkan,12
pendidikan,12
semakin,11
ri,11
dkj,11
uu,11
dki,10
prabowo,10
otorita,10
berkesinambungan,9
mendatang,9
amp,9
setelah,9
bersama,9
berkelanjutan,9
ga,9
udah,9
peluang,9
sd,9
pupr,8
berstatus,8
city,8
ahy,8
smart,8
sepaku,8
berkembang,8
vvip,8
memiliki,7
ppu,7
new,7
sydney,7
mengawal,7
memperkuat,7
membuka,7
mewujudkan,7
sebanyak,7
lapangan,7
memastikan,7
sampe,7
gak,7
bagian,6
kotanya,6
dilakukan,6
melalui,6
jaman,6
penduduk,6
memajukan,6
keberlanjutan,6
kehidupan,6
polda,6
kamtibmas,6
pengamanan,6
hapal,6
mendorong,5
mengungkapkan,5
negeri,5
membantu,5
perkembangan,5
kementerian,5
korea,5
jd,5
pekerjaan,5
blair,5
internet,5
selor,5
memindahkan,5
sekitar,5
nya,5
rpul,5
keamanan,5
perumahan,5
kesempatan,5
dpr,5
keputusan,5
allah,5
krn,5
expo,5
personil,5
satuan,5
mahakam,5
melaksanakan,5
basuki,4
hadimuljono,4
terpilih,4
dilantik,4
menyusul,4
ternyata,4
penajam,4
selama,4
alasan,4
harimurti,4
yudhoyono,4
tuh,4
hapalin,4
bener,4
perjalanan,4
hunian,4
termasuk,4
nantinya,4
pindahnya,4
asiancupu,4
timnasu,4
shin,4
tae,4
yong,4
afcuasian,4
wasitnya,4
witchcraft,4
pemerintahan,4
perubahan,4
selengkapnya,4
tony,4
joko,4
widodo,4
bebagai,4
lapiran,4
australia,4
starlink,4
berbasis,4
konektivitas,4
fifa,4
terbarukan,4
bertahap,4
kesehatan,4
sejumlah,4
bermasalah,4
kota-kota,4
bengkulu,4
terkait,4
amerika,4
samarinda,4
libya,4
china,4
tujuan,4
berada,4
rp,4
tu,4
memperbaiki,4
mesir,4
bali,4
tp,4
namanya,4
dll,4
iran,4
bahlil,4
ditahan,3
statusnya,3
ibukotanegara,3
palembang,3
terlalu,3
impian,3
mobox,3
sesuai,3
menggerakkan,3
keuangan,3
belajar,3
makansianggratis,3
gibran,3
gimana,3
mempercepat,3
pegawai,3
membahas,3
keramaian,3
south,3
wales,3
peradaban,3
menkominfo,3
didorong,3
menciptakan,3
berstandar,3
cewe,3
terbuka,3
kemajuan,3
membawa,3
kerajaan,3
tantangan,3
zealand,3
kedutaan,3
yordania,3
mengurangi,3
dipimpin,3
udh,3
turkish,3
airlines,3
nadiem,3
beckham,3
aisyah,3
selvi,3
setiap,3
ok,3
kebijakan,3
undang-undang,3
pelatihan,3
bgt,3
jg,3
dianggarkan,3
pt,3
mengembangkan,3
disuruh,3
melihat,3
berhasil,3
th,3
pengelolaan,3
blm,3
lu,3
terobosan,3
ratusan,3
dgn,3
putusan,3
mk,3
pemilu,3
ttp,3
terbaru,3
sebagian,3
basic,3
tdk,3
anggaran,3
balikpapan,3
permasalahan,3
manado,3
merupakan,3
israel,3
mendapat,3
merata,3
update,3
atrbpn,3
lainnya,3
dr,3
mendapatkan,3
news,3
berikut,3
kesejahteraan,3
bye,3
yuan,3
hutang,3
haiwan,3
seorang,2
rencananya,2
jawaban,2
subianto,2
menggantikan,2
diharapkan,2
washington,2
dc,2
dijaga,2
dipindahkan,2
papua,2
dibawa,2
adadi,2
menandai,2
bertujuan,2
setuju,2
harapan,2
mengirim,2
kebaikan,2
terakhir,2
rocky,2
pengurangan,2
mengubah,2
kaga,2
kendaraan,2
afcu,2
penempatan,2
abdullah,2
azwar,2
anas,2
-bay,2
setempat,2
bertemu,2
penusukan,2
wni,2
pascapenusukan,2
jendral,2
meminta,2
menghindari,2
menggelar,2
menyampaikan,2
melakukan,2
-ktp,2
pelayanan,2
pembangunanikn,2
wawasan,2
kyiv,2
klitschko,2
mengakui,2
dipastikan,2
membutuhkan,2
dilancarkan,2
dipermudah,2
jambi,2
unhan,2
satgas,2
landasan,2
fore,2
iphone,2
licha,2
esim,2
thn,2
artinya,2
kehilangan,2
makzulkan,2
rrc,2
trs,2
perpindahan,2
world,2
book,2
aceh,2
merepresentasikan,2
kesatuan,2
mengakomodasi,2
kekayaan,2
kemajemukan,2
seiring,2
terpencil,2
auckland,2
peserta,2
dijangka,2
bermula,2
pengembangan,2
ditanya,2
pake,2
hp,2
pengetahuan,2
dipake,2
memungkinkan,2
rasanya,2
penerbangan,2
nabrak,2
kehadiran,2
menarik,2
menghadirkan,2
yaman,2
kominfo,2
memulai,2
berkantor,2
saatnya,2
disahkan,2
kegiatan,2
ntah,2
gimmick,2
inget,2
direncanakan,2
melanda,2
ketahanan,2
menunjukkan,2
memperhatikan,2
berubah,2
rata-rata,2
dpl,2
jabar,2
precast,2
berupaya,2
berakhir,2
in,2
memahami,2
kebutuhan,2
menggunakan,2
peruahan,2
difungsional,2
pontianak,2
kelestarian,2
trafik,2
terkini,2
lebuhraya,2
malaysia,2
terlepas,2
berkontribusi,2
uea,2
hasilnya,2
tanjungpinang,2
ktp,2
letaknya,2
al,2
utang,2
heru,2
menunggu,2
penyediaan,2
kendari,2
dipenuhi,2
djpb,2
banjarmasin,2
warisan,2
taxi,2
one,2
jelajahi,2
jkt,2
pemartabatan,2
terjadi,2
argentina,2
penyelesaian,2
laluan,2
beserta,2
asia,2
teheran,2
serangan,2
mencerminkan,2
clear,2
chad,2
afrika,2
menyatakan,2
kebangkitan,2
terselenggara,2
menginspirasi,2
kepindahan,2
pertimbangan,2
menegaskan,2
parpol,2
terbaik,2
terbesar,2
beneran,2
game,2
pembantaian,2
xi,2
scholz,2
beijing,2
group,2
urusan,2
afghanistan,2
sekedar,2
menandatangani,2
sma,2
dbd,2
membuat,2
dorongan,2
taipei,2
taiwan,2
terletak,2
mencapai,2
jurusan,2
mipa,2
mulyani,2
covid,2
penataan,2
kedaulatan,2
pertahanan,2
mrt,2
berkeliaran,2
no,2
more,2
anies,2
forever,2
isrel,1
avitan,1
shalom,1
hotal,1
didakwa,1
pertuduhan,1
sesyen,1
detikfinance,1
jaringan,1
mendekati,1
york,1
ibukotanusantara,1
washingtondc,1
newyork,1
canberra,1
non-stop,1
yogyakarta,1
hapalan,1
perkalian,1
menyambut,1
kunjungan,1
kosan,1
penugasan,1
diusung,1
packing,1
pakaian,1
persatuan,1
berpuasasekelurahan,1
dinilai,1
tergesa-gesa,1
kemerdekaan,1
berpindah,1
diwujudkan,1
memanfaatkan,1
menguasai,1
pekerja,1
pengangguran,1
tentunya,1
berdampak,1
sebentar,1
keterlibatan,1
perbankan,1
prabowo-gibran,1
anggarannya,1
setara,1
china-india,1
aturan,1
sy,1
perpanjng,1
an,1
orgnya,1
pertanian,1
sepertinya,1
ui,1
perekonomian,1
imbuhnya,1
engga,1
doong,1
btw,1
ups,1
indo,1
nonton,1
gaaa,1
mo,1
nii,1
ding,1
berbahan,1
dilarang,1
wiliayah,1
lupainmusuhan,1
saatpemilu,1
lihatpersamaanya,1
let,1
count,1
pendaftaran,1
cpns,1
dikatakan,1
pendayagunaan,1
panrb,1
ebt,1
sederet,1
menahan,1
diperuntukan,1
berkeluarga,1
tgimkbfm,1
sorotan,1
diminta,1
hindari,1
layanan,1
arie,1
setiadi,1
tepatnya,1
dayak,1
pemprov,1
menjamin,1
mengganggu,1
bpjs,1
kjp,1
kepercayaan,1
mengarah,1
iot,1
nilai-nilai,1
keselarasan,1
bersinergi,1
didukung,1
tontonan,1
yt,1
dihiasi,1
gimik,1
oon,1
tampilan,1
goodlooking,1
seakan,1
walikota,1
vitali,1
sasaran,1
pasukan,1
rusia,1
putin,1
bild,1
menghadapi,1
merancang,1
rujukan,1
aslinya,1
berkedok,1
gunadi,1
sadikin,1
casn,1
ditempatkan,1
pilihan,1
pembebasan,1
pengantaran,1
latsitarda,1
ta,1
mengakomodir,1
hgb,1
tunjukkan,1
npwp,1
maraknya,1
pencucian,1
pendaya,1
gunaan,1
nyelem,1
wp,1
sekian,1
nemu,1
story,1
ml,1
sebelah,1
fl,1
akhir-akhir,1
sekali,1
nggak,1
perayaan,1
rayakan,1
day,1
unesco,1
tahunnya,1
menunjuk,1
capital,1
laksanakan,1
sedunia,1
ditugaskan,1
promosikan,1
membaca,1
beralih,1
kehormatan,1
borneo,1
njir,1
diperlukan,1
yes,1
fun,1
fact,1
terbanyak,1
disangka,1
wellington,1
diduduki,1
amman,1
meneriakkan,1
kenderaan,1
nstp,1
gw,1
hafalin,1
sekrang,1
sosmed,1
terciptanya,1
pm,1
serangkaian,1
perdagangan,1
tantrum,1
mana-mana,1
gk,1
korsa,1
bertaruh,1
menikmati,1
acc,1
ngekos,1
hahahahahaha,1
cawapres,1
megang,1
mimpin,1
ibaratnya,1
ambon,1
tercatat,1
mendarat,1
timurtengah,1
turki,1
sebelumnya,1
berbondong-bondong,1
sanaa,1
memperbarui,1
mingguannya,1
gaza,1
palestina,1
bersamamu,1
ketabahan,1
ketekunan,1
dikembangkan,1
bergerak,1
kemakmuran,1
kemandirian,1
keberpihakan,1
deket,1
harusnya,1
dooong,1
kaaaaan,1
wkwkwk,1
pembentukan,1
berlaku,1
tercantum,1
kaka,1
parahnya,1
gatau,1
jawa,1
dijawab,1
dimaklumi,1
cm,1
mun,1
aing,1
nu,1
kitu,1
ge,1
teu,1
ngajawab,1
prov,1
dsb,1
ke-,1
berbagai,1
mengalami,1
incaran,1
alamsutera,1
tangerang,1
iknusantara,1
beritaproperti,1
beritaterkini,1
sekurang-kurangnya,1
terbunuh,1
selepas,1
guangzhou,1
agensi,1
rasmi,1
xinhua,1
melaporkan,1
bahawa,1
guangdong,1
keterampilan,1
soekarno,1
pindahkan,1
diduga,1
sdsmpsma,1
kibuli,1
janji-janji,1
sebenarnya,1
meraih,1
menggapai,1
cita-cita,1
jerome,1
jepang,1
barca,1
sivakorn,1
pu-udom,1
serahkan,1
aseng,1
giliran,1
sembako,1
sdh,1
pertaruhkan,1
rakyatnya,1
susaaaah,1
mgg,1
dri,1
pemberian,1
gmn,1
trust,1
issue,1
allahhh,1
pernyataan,1
inklusi,1
mengesahkan,1
ruu,1
diambil,1
perwakilan,1
ketentuan,1
menyebutkan,1
keberanian,1
tercermin,1
ketinggian,1
kebanyakan,1
gt,1
pendapatan,1
awalnya,1
berjalan,1
bangunan,1
tbk,1
menyuplai,1
kariangau-sp,1
tempadung,1
seventeen,1
tour,1
mingyu,1
maksa,1
scoups,1
ingetin,1
berinisiatif,1
unsolicited,1
_,1
layani,1
berlakunya,1
dicetak,1
dihukum,1
sebelnya,1
smartcity,1
karno,1
mempersiapkan,1
dijadikan,1
kalbar,1
tanda-tanda,1
ridho,1
byk,1
didzolimi,1
syaa,1
berkomitmen,1
mengadakan,1
yaelah,1
ngebikin,1
gokil,1
loh,1
engke,1
pelajaran,1
disebutkeun,1
moal,1
hahaha,1
green,1
diberikan,1
keterpurukan,1
merusak,1
bernama,1
azeery,1
idris,1
jurukamera,1
farez,1
azmi,1
pengurusan,1
dipilihnya,1
kukar,1
berpindahnya,1
sg,1
my,1
penerus,1
ngantor,1
berganda,1
berinvestasi,1
seluas,1
zayed,1
mbz,1
anw,1
kudos,1
to,1
benedictus,1
salaman,1
who,1
gave,1
never,1
ending,1
exams,1
keseriusan,1
astaghfirullahaladzim,1
hadeh,1
tholol,1
ngasih,1
penggantian,1
memorable,1
dites,1
sm,1
im,1
menjabat,1
skrg,1
eknomi,1
mengenaskan,1
pingin,1
lg,1
uangnya,1
peresmian,1
perencanaan,1
tonny,1
kanjuruhan,1
percepatan,1
pilpres,1
___,1
danramil,1
dita,1
viralvideo,1
liverpool,1
mainin,1
dulunya,1
gajadi,1
melibatkan,1
semuanya,1
aturan-aturan,1
you,1
cant,1
stop,1
me,1
from,1
raiding,1
the,1
future,1
memuaskan,1
feedback,1
spt,1
mw,1
org,1
menghancurkan,1
permainan,1
ngancurin,1
mengusir,1
catatan,1
pijakan,1
mengevaluasi,1
treasury,1
bersyukur,1
asean,1
organisasi-organisasi,1
apal,1
nama-nama,1
pertandingan,1
membanggakan,1
menghentikan,1
membebani,1
sky,1
digunakan,1
with,1
exo,1
mncr_logistics,1
bts,1
is,1
coming,1
maen,1
siap-siap,1
segini,1
tadinya,1
nge,1
nulis,1
pengen,1
hiling,1
hampura,1
lur,1
urng,1
pilgub,1
politisi,1
ekowisata,1
pelestarian,1
bertambah,1
temen,1
skincare,1
mereknya,1
kebetulan,1
negara-negara,1
menjaga,1
taruhan,1
mengapa,1
dibuat,1
siapapun,1
berikutnya,1
disana,1
selayaknya,1
ginanjar,1
herawati,1
hera,1
menuturkan,1
melawan,1
javier,1
milei,1
reformasinya,1
penarikan,1
triwulanan,1
ginian,1
diributin,1
anjir,1
netizen,1
ributin,1
noh,1
terjamah,1
macem,1
ketimpangan,1
hehehehe,1
jure,1
satunya,1
pln,1
uip,1
klt,1
kelistrikan,1
rabu,1
wita,1
bertempat,1
dilaksanakan,1
opinion,1
pertanahan,1
memimpin,1
nguasai,1
penampakan,1
rooftop,1
habiskan,1
tahanan,1
iib,1
muhidfuddin,1
jajaran,1
didampingi,1
dharma,1
rutan,1
membagikan,1
jl,1
soerapati,1
jutavoter,1
awasihasilmk,1
pioli,1
out,1
ernando,1
wasitafc,1
gakbener,1
yerusalem,1
menyediakan,1
hub,1
ind,1
penyebaran,1
toefl,1
mengetahui,1
tumbuhan,1
jalan-jalan,1
dilansir,1
jazeera,1
berdemonstrasi,1
hiasi,1
updates,1
mengabarkan,1
rakabuming,1
pelantikan,1
arahan,1
menuntut,1
penghentian,1
pangkalannya,1
angkatan,1
menerima,1
membenarkan,1
pangkalan,1
adji,1
kossei,1
baca-baca,1
siii,1
jangankan,1
diapalin,1
wkwk,1
kaa,1
asian,1
games,1
terlaksana,1
football,1
penggunaan,1
upaya-upaya,1
sk,1
opung,1
risal,1
merasakan,1
langkah-langkah,1
kpn,1
mgflash,1
pemuda,1
umno,1
muhamad,1
sebaik,1
antarabangsa,1
kinabalu,1
razarudin,1
husain,1
berkata,1
exco,1
melaka,1
pejabat,1
greget,1
mbanya,1
req,1
ngawur,1
dmana,1
gitu,1
besutan,1
hyundai,1
persembahan,1
wujudkan,1
pj,1
hartono,1
gorontalo,1
sorg,1
penegak,1
list,1
akn,1
hrs,1
diseleksi,1
alsan,1
mgkn,1
smua,1
bs,1
msk,1
lhaa,1
kemana,1
sihh,1
wkwkwkk,1
terjaga,1
penyusupteoris,1
menyeleksi,1
diajukan,1
pemilihan,1
polhuk,1
again,1
sembang,1
pakistan,1
pon,1
last,1
mellowed,1
down,1
ritu,1
sunni,1
nuclear,1
triad,1
lenyapkan,1
sebijik,1
nuclear-tipped,1
cmbm,1
dijamin,1
berbentuk,1
link,1
dilaporkan,1
meninggal,1
seseorang,1
perbelanjaan,1
pelaku,1
pangkalpinang,1
runway,1
dikebut,1
membiarkan,1
kejadian,1
rejim,1
menyerang,1
damsyik,1
syria,1
melancarkan,1
berpandu,1
dron,1
menyasarkan,1
aviv,1
ikuti,1
merinding,1
mudahan,1
kelancaran,1
brussel,1
meliputi,1
antwerpen,1
gent,1
brugge,1
namur,1
leuven,1
__,1
pinalti,1
what,1
kelly,1
arkhan,1
uzbek,1
el,1
klemer,1
diminati,1
terganjal,1
jalantol,1
kedua,1
kehilangaan,1
jabodetabekjur,1
tim-tim,1
tangan,1
cruz,1
suharto,1
terlihat,1
jinping,1
jerman,1
olaf,1
berjalan-jalan,1
berpose,1
difoto,1
diaoyutai,1
ngga,1
mindahin,1
awokwowkwok,1
pertamina,1
bakrie,1
pelaksana,1
abdul,1
ghani,1
baradar,1
meresmikan,1
menurut,1
laporan,1
bakhtar,1
disetujui,1
selangkah,1
meninggalkan,1
penerapan,1
peraturan,1
perpres,1
memberi,1
dibentuk,1
percepat,1
membentuk,1
scudetto,1
iii,1
siber,1
overall,1
rame,1
menghibahkan,1
pengolahan,1
airnya,1
ipa,1
water,1
treatment,1
plant,1
indonesiamaju,1
disaat,1
berlomba-lomba,1
menutup,1
disisi,1
katanya,1
melebarkan,1
dkijakarta,1
pengesahan,1
komitmennya,1
memfasilitasi,1
sejalan,1
loe,1
diganti,1
bangetttttttt,1
oikn,1
menyebut,1
kecamatan,1
trus,1
inii,1
wkwkw,1
melarang,1
bbm,1
ops,1
sambang,1
pdhl,1
dalamnya,1
caleg,1
or,1
that,1
why,1
it,1
called,1
knowledge,1
gabutuh,1
uudkj,1
mengatur,1
bocil,1
mnemonicjembatan,1
superhub,1
happening,1
pimpinan,1
lemhannas,1
sismennas,1
setauku,1
penempatannya,1
ketergantungan,1
demokratik,1
kongo,1
tersohor,1
kinshasa,1
dilayani,1
qatar,1
airways,1
tautan,1
memprihatinkan,1
merawat,1
membludak,1
negarabanyak,1
kalangan,1
menyalahkan,1
sbg,1
penyebabnyanamun,1
ditargetkan,1
memerlukan,1
wrap,1
up,1
podcast,1
meikarta,1
yan,1
pedagang,1
petani,1
terikat,1
manapun,1
adiknya,1
cao,1
wei,1
xu,1
chang,1
he,1
chaverse,1
note,1
oshi,1
idul,1
lakukan,1
ndak,1
apa-apa,1
nungguin,1
selanjutnya,1
proyeknya,1
kenyataan,1
dikelilingi,1
pegunungan,1
tingkatkan,1
berkeadilan,1
pengalaman,1
smp,1
memutuskan,1
sklh,1
gaada,1
perlahan-lahan,1
provinsi-,1
disebut,1
ditambah,1
nominalnya,1
menkeu,1
lockdown,1
sebesar-besarnya,1
minumin,1
smakin,1
putuskan,1
klo,1
terkenal,1
keragaman,1
pentingnya,1
terdiri,1
gerakan,1
pendobrak,1
dipersiapkan,1
dirubah,1
apapun,1
penjajahan,1
perjuangan,1
kkn,1
nepotpol,1
vedi,1
kurnia,1
ombudsman,1
hery,1
susanto,1
mengatakan,1
meskipun,1
pengusaha,1
nengah,1
natyanta,1
coco,1
bingin,1
mustika,1
plaga,1
farm,1
persero,1
startup,1
perusahaan,1
meneken,1
mempunyai,1
ditetapkan,1
mengacu,1
menargetkan,1
dibangun,1
ditinggali,1
pertanyakan,1
konstitusinya,1
kecina,1
kerjanya,1
tka,1
pondasi,1
berdasarkan,1
usulan,1
memperlihatkan,1
kesungguhan,1
talenta-talenta,1
gapernah,1
gapunya,1
mengoptimalkan,1
pendukung,1
berharap,1
meredam,1
kekacauan,1
karibia,1
haiti,1
cengkeraman,1
nyebut,1
nkri,1
medcom,1
kegnya,1
krg,1
kgk,1
seoon,1
sendirimah,1
apakabar,1
laen,1
otaknya,1
kecampur,1
plat,1
maluin,1
sepanjang,1
ribuan,1
km,1
intl,1
bendungan,1
lrt,1
psn,1
pembencinya,1
tegaskan,1
terbtkan,1
clean,1
and,1
ngomong,1
bertemannya,1
bertiga,1
biasanya,1
hidupmati,1
kotanegara,1
seharusnya,1
ngeratain,1
pemikiran,1
orang-orang,1
sebego,1
pantes,1
menjajah,1
kasian,1
warganya,1
halu,1
admin,1
kuper,1
diluar,1
mekkah,1
madinah,1
ryadh,1
framming,1
hoax,1
gini,1
framing,1
ngaco,1
kurangkan,1
bilangan,1
pastikan,1
hatyai,1
bangkok,1
nampak,1
bersepah,1
weiyh,1
surabaya,1
pindahan,1
on,1
track,1
unggulan,1
bersiap,1
uzbekistan,1
kiss,1
innalillahi,1
hatur,1
nuhun,1
satu-satunya,1
asset,1
dijual,1
tutupi,1
paksakan,1
modali,1
wakanda,1
penguasa,1
koq,1
pengkhianatan,1
stakeholder,1
terisolasi,1
bajingan,1
termakan,1
perusak,1
keseluruhan,1
berdaulat,1
iming,1
dicegat,1
pemimpin,1
negri,1
lbh,1
dikenal,1
dpn,1
bhw,1
akulah,1
kemitraan,1
berusaha,1
berguna,1
fungsinya,1
google,1
ketanem,1
gara,1
merespons,1
jadinya,1
dipindah,1
bojongsoang,1
