Kata Baku,Kata Tidak Baku
akses transportasi akan sektor pariwisata ibu kota negara,peningkatan mendorong pertumbuhan
warga negara haram yang enam pucuk pistol dan butir peluru di di ibu kota kuala lumpur pada bulan lepas bakal atas akta senjata api di mahkamah kuala lumpur hari ini,seorang isrel avitan shalom ditahan memiliki sebuah hotal didakwa pertuduhan sesyen
menteri presiden akan di ibu kota nusantara timur ini status yang sudah bukan lagi ibu kota negara,pupr basuki hadimuljono mengungkapkan rencananya terpilih - dilantik ikn kalimantan jawaban menyusul dki jakarta berstatus detikfinance prabowo subianto ikn
masalah lahan di ibu kota negara nusantara di paser utara timur banyak masalah advokasi,ternyata ikn penajam ppu kalimantan kaltim jaringan
langkah besar masa depan yang lebih dan inklusif ibu kota negara yang baru adalah bukti komitmen kita untuk fondasi yang kuat bagi generasi ibu kota negara baru transformasi negara,sebuah menuju berkesinambungan dukungan terhadap pembangunan ikn membangun mendatang
daerah khusus dan peran seperti dan nusantara,ikn semakin mendekati statusnya sebagai menggantikan jakarta diharapkan memiliki new york city washington dc ikn ibukotanusantara ibukotanegara jakarta washingtondc kaltim newyork canberra sydney
nusantara jam musim libur lebaran ibu kota negara pindah ibu kota,ikn dijaga selama non-stop selama iknnusantara
kami warga akan ibu kota negara,yogyakarta mengawal pembangunan ikn
kami warga ibu kota negara,palembang mendukung pemindahan iknnusantara
agus siap ke daftar menteri yang pertama pindah ibu kota negara ibu kota nusantara timur agus lewat,alasan harimurti yudhoyono dipindahkan ikn kaltim ikn iknnusantara kaltim kalimantan ahy harimurti yudhoyono
gue sekolah gada suruh surat pendek sama ibu kota negara nah baru iya,negeri tuh hapalan hapalin perkalian bener
masyarakat antusias ibu kota nusantara ibu kota negara,papua menyambut pemindahan
ibu negara ke di kota agenda beliau adalah barang yang harus cuti lebaran nasihat finansial cuti lebaran dan indonesia,kunjungan kosan penugasan yg diusung membantu packing amp pakaian dibawa selama memberikan amp dukungan selama persatuan berpuasasekelurahan
aparatur sipil negara ke ibu kota nusantara di timur video berita kompas,pemindahan kalimantan dinilai terlalu tergesa-gesa adadi
upacara hut di bandara ibu kota nusantara aparatur sipil negara akan segera langkah ini baru dalam indonesia maju indonesia maju,setelah kemerdekaan ri ikn asn berpindah menandai perjalanan memperkuat iknnusantara
ibu kota negara bukan hanya tetapi harus,impian diwujudkan bersama
proyek ini untuk infrastruktur olahraga dan sepak bola di indonesia ibu kota negara pindah ibu kota,bertujuan meningkatkan mendukung perkembangan iknnusantara
teknologi dalam di nusantara ibu kota negara pindah ibu kota,kementerian pupr memanfaatkan mobox membangun hunian ikn iknnusantara
ibu kota negara baru kita,
transformasi mobilitas sistem transportasi cerdas jalan untuk ibu kota negara pindah ibu kota,membuka ikn iknnusantara
bu ibu kota agar muda indonesia apalagi sekarang para buruh dari cina sementara tingkat di negara kita sangat besar ini tidak dengan visi misi pak presiden,setuju termasuk pemindahan nantinya menguasai pekerja pengangguran tentunya sesuai
dengan ibu kota negara ke indonesia akan maju,semoga pindahnya kalimantan semakin
revolusi urban koordinator dorong transformasi digital di nusantara ibu kota negara pindah ibu kota cup bung towel,menggerakkan smart city ikn iknnusantara korea asiancupu timnasu shin tae yong afcuasian wasitnya witchcraft
presiden yakin bahwa ibu kota nusantara akan tata kelola yang lebih baik dan efektif di indonesia ibu kota negara,jokowi pemindahan memperkuat pemerintahan
sektor properti positif pada ekonomi lokal ibu kota negara,peningkatan berdampak
negara kita sudah tidak punya ibu kota lagi kita tidak akan punya ibu negara,amp sebentar
pusat bisnis baru dorong sektor dan ibu kota negara,keterlibatan perbankan keuangan
nusantara dapat masyarakat indonesia ibu kota negara,semoga ikn mewujudkan harapan
investasi di infrastruktur dorong diversifikasi sumber daya energi ibu kota negara,
timur akan model dalam tata kota ibu kota negara,kalimantan menjadi berkelanjutan
ini pesan positif tentang ibu kota negara,pemindahan mengirim perubahan menuju kebaikan
mulai godok program yang nusantara dari ibu kota negara timur ibu kota nusantara lewat,prabowo-gibran anggarannya setara ikn belajar china-india ikn iknnusantara sepaku kaltim kalimantan makansianggratis prabowo gibran
ini baru apa ya di bandung kota kok dari dan tahun lalu aman aja selalu mobil ibu saya dan motor istri saya tanpa hadir bisa aja,aturan gimana dulu terakhir sy perpanjng an orgnya
ini integrasi antarwilayah di indonesia ibu kota negara,pemindahan memperkuat
infrastruktur akan distribusi hasil ibu kota negara,peningkatan mempercepat pertanian
juga harus pindah ibu kota negara pusat ilmu budaya bangsa ada di genderang pusat nusantara,sepertinya ui dkj jd perekonomian jakarta
gerung sebut titik awal konflik dan makan siang gratis dan nusantara ibu kota negara ibu kota nusantara timur lewat,rocky prabowo jokowi ikn kaltim kalimantan prabowo jokowi makansianggratis
ibu kota negara dapat dampak emisi karbon di timur persen hal ini tidak langsung dapat struktur ekonomi wilayah,pemindahan memberikan pengurangan kalimantan sebanyak imbuhnya secara mengubah tersebut
aku nih ya misal tayang di ketemu ibu negara masa satu kota ketemu aku anak kabupaten,engga doong btw ups indo nonton gaaa mo nii kaga ga ding
bakar fosil ada di negara pindah ibu kota towel korsel,kendaraan berbahan dilarang wiliayah ikn ibukota iknnusantara afcu lupainmusuhan saatpemilu lihatpersamaanya let count
akan calon sipil khusus di ibu kota nusantara hal itu menteri aparatur negara dan reformasi birokrasi baca,pemerintah membuka pendaftaran pegawai negeri cpns penempatan ikn dikatakan pendayagunaan panrb abdullah azwar anas selengkapnya -bay
ibu kota nusantara akan baru bagi warga ibu kota negara,memberikan lapangan pekerjaan setempat
presiden rencana proyek di nusantara ibu kota negara pindah ibu kota,tony blair bertemu joko widodo membahas ebt ikn iknnusantara
dampak nusantara upaya ekstra untuk laju inflasi di ibu kota negara ibu kota nusantara timur inflasi lewat,ikn sederet menahan kalimantan ikn iknnusantara kaltim kalimantan
langkah besar masa depan yang lebih dan inklusif ibu kota negara yang baru ibu kota negara baru transformasi negara,sebuah menuju berkesinambungan dukungan terhadap pembangunan ikn
elemen masyarakat harus proses ibu kota negara ke,bebagai lapiran mendukung pemindahan kalimantan
bakal satu unit apartemen untuk satu aparatur sipil negara yang pindah ke ibu kota nusantara namun hal hanya bagi yang sudah,pemerintah memberikan asn ikn tersebut diperuntukan asn berkeluarga tgimkbfm
mantan gubernur bi sebut makan siang gratis lebih penting dari nusantara gerung ibu kota negara timur ibu kota nusantara lewat,ikn sorotan rocky ikn iknnusantara sepaku kaltim kalimantan makansianggratis prabowo jokowi
massal di waspada dan massal di ibu kota negara konsul di di untuk area,penusukan sydney wni diminta hindari keramaian pascapenusukan bagian new south wales australia jendral ri sydney meminta wni sydney menghindari keramaian
ini adalah tonggak penting dalam sejarah indonesia ibu kota negara,pemindahan peradaban
akan uji coba satelit di ibu kota negara nusantara pada mei menteri komunikasi dan informatika budi akan uji coba perdana di indonesia di ibu kota negara,starlink menggelar layanan internet berbasis ikn menkominfo arie setiadi menyampaikan starlink melakukan tepatnya
penuh warga untuk ibu kota nusantara ibu kota negara,dukungan dayak pemindahan
cetak ulang usai tak ibu kota negara tak akan hingga,pemprov dki jakarta menjamin -ktp jakarta berstatus sebagai mengganggu pelayanan bpjs kjp
para investor proyek nusantara oleh infrastruktur yang dan potensi ekonomi yang cepat ibu kota negara pindah ibu kota,kepercayaan terhadap ikn didorong berkembang pertumbuhan iknnusantara
pada masa depan cerdas dan di mana integrasi teknologi dan dengan alam untuk kota dunia oleh dan inovasi digital,ikn mengarah berkelanjutan iot nilai-nilai keselarasan bersinergi menciptakan berstandar didukung konektivitas iknnusantara pembangunanikn ibukotanegara
baru nama nama provinsi belum nama ibu kota negara tapi jujur sih sekarang bin tolol tapi harus cantik harus punya luas,tontonan yt dihiasi cewe cewe gimik oon tampilan goodlooking seakan cewe ga wawasan
potensi investasi akan luas di sektor properti di timur ibu kota negara,terbuka kalimantan
upacara standar untuk olahraga indonesia ibu kota negara pindah ibu kota,ikn memastikan lapangan sesuai fifa kemajuan iknnusantara
kami warga tanjung ibu kota negara,selor mendukung pemindahan iknnusantara
fokus pada teknologi ramah akan contoh global ibu kota negara,lingkungan menjadi
bahwa kota bisa kembali darat telah dan tetap target karena ibu adalah jantung negara kata dalam wawancara dengan tetapi kami jauh lebih siap,walikota kyiv vitali klitschko mengakui tersebut menjadi sasaran pasukan rusia kyiv menjadi putin kotanya klitschko bild menghadapi
fokus pada energi akan manfaat jangka panjang bagi ibu kota negara,terbarukan membawa lingkungan
kami warga tanjung ibu kota negara,selor mendukung pemindahan iknnusantara
nusantara tetap aman saat momen libur lebaran ibu kota negara pindah ibu kota,ikn dipastikan iknnusantara
elemen masyarakat harus proses ibu kota negara ke pindah ibu kota,bebagai lapiran mendukung pemindahan kalimantan
sedang aparatur sipil negara ke ibu kota nusantara kendati pada tahap pertama tapi tidak serta merta angka untuk ke,pemerintah merancang pemindahan asn ikn membutuhkan sebanyak tersebut menjadi rujukan pemerintah memindahkan asn ikn
itu cuma lahan bisnis ibu kota negara,ikn aslinya berkedok
sampai selesai nanti baru masa depan baru bagi indonesia dan dunia ibu kota negara,semoga pembangunan ikn dilancarkan dipermudah menjadi peradaban
ke aparatur sipil negara ke ibu kota nusantara,pemindahan asn ikn dilakukan bertahap pemindahan asn ikn dilakukan secara bertahap
menteri budi formasi calon aparatur sipil negara posisi akan di ibu kota negara nusantara,kesehatan gunadi sadikin membutuhkan casn sekitar ditempatkan ikn
sebut hektar lahan di yang masih ibu kota negara ibu kota nusantara timur lewat,ahy sejumlah pilihan pembebasan ikn kaltim bermasalah ikn iknnusantara kaltim kalimantan
inovasi teknologi langkah strategis untuk pintar di indonesia ibu kota negara pindah ibu kota cup bung towel,berbasis mewujudkan kota-kota iknnusantara korea asiancupu timnasu shin tae yong afcuasian wasitnya witchcraft
kami warga nusantara ibu kota negara,jambi mendukung pembangunan ikn
rektor pimpin upacara kadet mahasiswa di ibu kota negara timur,unhan ri pengantaran satgas latsitarda unhan ri ikn kalimantan ta
pacu bandara bisa pesawat besar negara pindah ibu kota tuku gratis giring akmal sahur tidur,landasan vvip ikn mengakomodir ibukota iknnusantara fore iphone licha esim
tahun tahun bebas pajak diskon pajak itu sama ibu kota negara dan bisa beli properti di tanpa itu tindak pidana uang kacung kacung,hgb thn artinya kehilangan dki ikn ikn tunjukkan npwp artinya pemerintah mendorong maraknya pencucian makzulkan rrc makzulkan rrc
menteri aparatur negara dan reformasi birokrasi para akan mulai pindah ke ibu kota negara pada bulan september,pendaya gunaan abdullah azwar anas memastikan asn secara bertahap mendatang
iseng di lama konsultan ekonomi negara artis ibu kota,nyelem wp setelah sekian trs nemu story yg ml nya kerajaan sebelah fl nya
kami warga ibu kota negara,bengkulu mendukung pemindahan
timur akan pusat seni dan budaya yang hidup ibu kota negara,kalimantan menjadi
bawa banyak dampak negatif ini ibu kota negara ke nusantara topik hangat di media sosial banyak pro dan kontra rencana ini,perpindahan ikn akhir-akhir pemindahan ikn menjadi sekali terkait
ekonomi regional bawa efek positif pada industri ibu kota negara,pertumbuhan
proyek nusantara akan kerja yang signifikan di indonesia ibu kota negara,ikn menciptakan lapangan
cuma sekadar biasa buat tiap atau ibu kota negara buat program hari buku nah kota buat buku dan,nggak perayaan rayakan world book day unesco tahunnya menunjuk world book capital laksanakan sedunia nantinya tersebut ditugaskan promosikan membaca
kami warga banda nusantara ibu kota negara,aceh mendukung pembangunan ikn
jadi ibu kota negara itu beban kini beban itu ke besar tanggung jawab bagi rakyat untuk ibu kota lama dengan ini bisa tetap lebih baik lagi terima kasih,beralih kalimantan sebuah kehormatan amp tantangan borneo semoga perpindahan berkembang menjadi jakarta
lebih dari kota namun dan masa depan indonesia ada di sana ibu kota negara,ikn sebuah harapan
punya ibu kota punya presiden negara auto pilot,udah ga ga njir
ibu kota negara republik indonesia konsep yang indonesia,merepresentasikan kesatuan mengakomodasi kekayaan kemajemukan
dengan rencana ibu kota nusantara akan ada infrastruktur dan fasilitas yang di daerah daerah dan kurang ibu kota negara,seiring pembangunan pembangunan diperlukan terpencil berkembang
itu nama kota di ini kota dengan populasi di dan sering ibu kota negara yang benar itu ibu kota negara adalah,yes auckland new zealand fun fact auckland menjadi terbanyak new zealand disangka new zealand wellington
para demonstrasi yang di ibu kota adalah negara terorisme,peserta menuju kedutaan diduduki amman yordania meneriakkan amerika
juta keluar dari ibu kota lebuh raya utama negara hari ini video,sebanyak kenderaan dijangka melalui bermula nstp
ibu kota nusantara akan wilayah timur indonesia ibu kota negara,pemindahan mempercepat pengembangan
ibu kota negara di dunia pas sekolah demen banget buku anak ada aja masih minim ilmu cuma buat sih,gimana ditanya dulu gw hafalin pake rpul jaman sekrang udah hp pengetahuan hp dipake sosmed
nusantara ekosistem inovasi dan teknologi yang ibu kota negara,ikn memungkinkan terciptanya berkelanjutan
dukung ibu kota nusantara untuk beban yang sudah padat dan macet ibu kota negara,pemindahan mengurangi jakarta penduduk
presiden eks inggris inisiatif strategis untuk sektor energi fasilitas solar panel di ibu kota negara pindah ibu kota,jokowi bersama pm tony blair membahas serangkaian memajukan terbarukan melalui pembangunan ikn iknnusantara
potensi ekonomi dan timur akan tumbuh pesat ibu kota negara,perdagangan kalimantan
kami warga ibu kota negara,samarinda mendukung pemindahan
dikit kemarin macet di karena bukan ibu kota negara lagi hari ini agak lebih tenang,jakarta tantrum mana-mana statusnya udah rasanya
kami warga tanjung ibu kota negara pindah ibu,selor mendukung pemindahan
revolusi urban koordinator dorong transformasi digital di nusantara ibu kota negara pindah ibu kota cup bung towel,menggerakkan smart city ikn iknnusantara korea asiancupu timnasu shin tae yong afcuasian wasitnya witchcraft
banyak cakap ada lagi jiwa di tubuh kasihan para prajurit nyawa di daerah konflik kalian para jenderal tenang tenang di ibu kota uang dan fasilitas negara,gk tuh korsa bertaruh menikmati
di ibu negara cari kerja di kota lain dan,acc ngekos hahahahahaha
investasi di infrastruktur dorong sektor transportasi ibu kota negara,pertumbuhan
masa sih dia negara kawasan jantung negara walaupun bukan ibu kota lagi,dkj dipimpin cawapres udh megang trs mimpin yg ibaratnya
kami warga akan ibu kota negara,ambon mengawal pembangunan ikn
kembali ke ibu kota kamis ke pada sudah hampir tahun tak di karena masalah di negara,turkish airlines melakukan penerbangan libya penerbangan terakhir turkish airlines libya tercatat turkish airlines mendarat libya keamanan tersebut timurtengah turki libya
investor swasta nusantara komitmen bangun sarana tengok investor swasta nusantara komitmen bangun sarana dan di ibu kota negara baru timur susu april mob arsenal,ikn pendidikan ikn pendidikan perumahan kalimantan nadiem beckham aisyah selvi nabrak
akan dasar dalam rencana ibu kota negara,keberlanjutan lingkungan menjadi setiap pembangunan
proyek nusantara minat investor karena investasi yang ibu kota negara pindah ibu kota,kehadiran ikn menarik menghadirkan peluang berkelanjutan iknnusantara
betul kelas sudah tahu ibu kota negara lain,
hari ini negara ke ibu kota untuk janji jihad jihad seluruh bangsa siap wahai wahai seluruh kami akan datang di tahun ke dan perang,yaman sebelumnya tersebut berbondong-bondong sanaa memperbarui mingguannya gaza palestina yaman bersamamu ketabahan ketekunan
ibu kota nusantara akan kerja di daerah ibu kota negara,pemindahan meningkatkan kesempatan sekitar
potensi wisata timur akan ibu kota negara,kalimantan semakin dikembangkan
gas gas gas akan di ibu kota negara nusantara mulai juli,ok ok ok menkominfo mengungkapkan pegawai kementerian kominfo memulai berkantor ikn
kita maju tujuh proyek awal era baru dan ibu kota negara pindah ibu kota,saatnya bergerak bersama ikn menandai kemakmuran kemandirian iknnusantara
presiden ibu kota nusantara wujud pada daerah lain di indonesia ibu kota negara,mendukung pemindahan sebagai keberpihakan pemerintah
potensi sektor energi akan dampak iklim ibu kota negara,terbarukan mengurangi perubahan
padahal bogor banget dengan ibu kota negara lebih maju iya,deket harusnya dooong kaaaaan wkwkwk
investasi di infrastruktur dorong sektor jasa profesional ibu kota negara,perkembangan
kami warga tanjung ibu kota negara ibu kota negara,selor mendukung pemindahan
pacu bandara capai negara pindah ibu kota tuku gratis giring akmal sahur tidur,pembangunan landasan vvip ikn ibukota iknnusantara fore iphone licha esim
kawasan aglomerasi jadi salah satu baru yang akan saat tidak lagi ibu kota negara indonesia hal dalam daerah khusus yang telah pada maret,pembentukan kebijakan berlaku jakarta menjadi tersebut tercantum undang-undang jakarta uu dkj disahkan
kami warga ibu kota negara,samarinda mendukung pemindahan
sinergi harmonis kolaborasi dan sektor swasta dalam yang inklusif ibu kota negara pindah ibu kota,pemerintah mewujudkan smart city iknnusantara
stadion ini dapat pusat yang industri olahraga di indonesia ibu kota negara pindah ibu kota,diharapkan menjadi kegiatan memajukan iknnusantara
benar kata si ini kalau tetap jadi ibu kota negara,kaka nya jakarta
kami warga ibu kota negara pindah ibu kota,palembang mendukung pemindahan
dia masa ibu kota barat apa malah kan mantan ibu kota negara indonesia masa harus juga atau apa,parahnya gatau jawa dijawab jakarta jakarta dimaklumi ntah cm gimmick
era da mampu terima kasih kepada guru guru ku yang suka kuis tebak nama ibu kota negara ibu kota ketika hendak mau pulang bisa jawab boleh pulang sampai sekarang masih,mun aing nu kitu ge teu ngajawab sd memberikan prov dsb yg inget
menteri umum dan rakyat presiden yang nanti akan presiden akan di ibu kota negara nusantara,pekerjaan perumahan pupr basuki hadimuljono mengungkapkan ri ke- menggantikan jokowi direncanakan dilantik ikn prabowo gibran iknnusantara jokowi
tahap akan tuntas pada akhir tahun ibu kota negara pindah ibu kota,pembangunan ikn iknnusantara
elemen masyarakat harus proses ibu kota negara ke,berbagai mendukung pemindahan kalimantan
ibu kota indonesia telah banyak masalah seperti macet banjir dan polusi udara yang serius ibu kota negara,jakarta sebagai mengalami
lepas status ibu kota negara di barat tetap jadi lewat apartemen,hunian jakarta incaran alamsutera tangerang jakarta iknusantara beritaproperti beritaterkini
lima orang dan cedera puting beliung bandar di pada sabtu lapor media berita puting beliung ibu kota wilayah di selatan negara itu,sekurang-kurangnya terbunuh selepas melanda guangzhou china kerajaan agensi rasmi china xinhua melaporkan bahawa melanda guangdong sekitar
kawasan ini pusat dan tenaga kerja ibu kota negara,menjadi pelatihan keterampilan
kami warga bandar lampung ibu kota negara pindah ibu kota,mendukung pemindahan
yang ijazah asli bingung mau ibu kota dan saat ini yang ijazah palsu mudah ibu kota negara dengan cara rakyat dengan kampanye yang tidak ada dalam janji kampanye,soekarno memiliki pindahkan jokowi diduga memiliki sdsmpsma memindahkan kibuli janji-janji sebenarnya amp
visi indonesia emas dengan bukan hanya ibu kota negara yang lebih besar yakni untuk indonesia emas bung towel kalah,meraih pembangunan ikn pembangunan ikn memindahkan pembangunan ikn memiliki tujuan menggapai cita-cita jerome fifa jepang barca sivakorn pu-udom
ibu kota negara mereka pada lengkap negara di,serahkan aseng giliran sembako sdh ketahanan pertaruhkan
arab cuma punya minyak kaya raya indonesia punya minyak nikel emas timah rakyat listrik di mantan ibu kota baru masih dapat orang bukan sama ni negara ya,rakyatnya nya susaaaah bgt sampe mgg dri pemberian pemerintah gmn gak trust issue allahhh
ini bahwa aspek sosial dalam langkah ibu kota negara pindah ibu kota,pernyataan menunjukkan otorita ikn memperhatikan inklusi setiap pembangunan iknnusantara
daerah khusus dalam sidang paripurna dewan rakyat yang ketua puan maharani umum itu telah ibu kota negara republik indonesia dari,dpr ri mengesahkan ruu jakarta menjadi sebuah undang-undang keputusan diambil perwakilan dipimpin dpr ketentuan menyebutkan uu ikn memindahkan
untuk dan dalam langkah baru ibu kota negara,keberanian berubah berkembang tercermin membangun ibukota
kami warga palu ibu kota negara,mendukung pemindahan iknnusantara
negara indonesia adalah ibu kota provinsi di bawah itu hanya bandung ibu kota di atas level itu,ketinggian rata-rata dpl jakarta amp kebanyakan berada gt dpl jabar yg berada
dampak ibu kota nusantara akan investasi ibu kota negara,pembangunan meningkatkan
proyek nusantara akan kerja baru dan masyarakat ibu kota negara,ikn menciptakan lapangan meningkatkan pendapatan
dari ganti lirik si kan bandung bogor terus ganti ibu kota negara,dulu jg udah jakarta awalnya jd
triliun untuk infrastruktur pada tahun ibu kota negara pindah ibu kota,rp dianggarkan pembangunan ikn iknnusantara
megaproyek ibu kota negara nusantara terus selain proyek waskita beton produk untuk proyek jalan tol seksi segmen,pembangunan ikn berjalan bangunan pt precast tbk menyuplai precast ikn - kariangau-sp tempadung
kita sogok untuk indonesia semua provinsi nyanyi risalah hati dan ibu kota negara mana,seventeen tour mingyu maksa scoups ingetin jakarta tu
tengok investor swasta nusantara komitmen bangun sarana dan di ibu kota negara baru informasi investor swasta atau untuk di susu april mob,ikn pendidikan perumahan kaltim sebagai tersebut berinisiatif unsolicited mengembangkan pembangunan ikn _ nadiem beckham aisyah selvi
bahwa nusantara dampak positif bagi masyarakat di ibu kota negara pindah ibu kota,otorita ikn berupaya memastikan pembangunan ikn memberikan sepaku iknnusantara
bandara internasional siap tamu penting ibu kota negara pindah ibu kota,vvip ikn berstandar layani iknnusantara
nusantara akan daya saing indonesia di kancah global ibu kota negara,ikn meningkatkan
status ibu kota negara segera dengan juta milik warga mesti ulang,jakarta sebagai berakhir seiring berlakunya uu dkj sebanyak -ktp jakarta dicetak
mungkin karena juga bawa atlas pas benua negara sampai ibu kota nama menteri sampai pernah karena ingat ya sampai sekarang juga ingat sih saking,dulu disuruh sd hapalin sd disuruh hapalin dihukum gak gak sebelnya dulu
investasi di infrastruktur beri dampak positif pada sektor logistik ibu kota negara,
,pemerintah berupaya mewujudkan pembangunan smart city ikn iknnusantara pembangunanikn ibukotanegara smartcity
tidak pernah tidur bung sendiri sudah lokasi untuk ibu kota negara di lahan sudah siap di tapi saat ini pilih lahan gambut aja ini tidak,allah karno mempersiapkan dijadikan yg kalbar pemerintahan semoga tanda-tanda allah ridho krn byk yg didzolimi in syaa allah
untuk dialog dengan masyarakat untuk dan aspirasi mereka ibu kota negara pindah ibu kota,otorita ikn berkomitmen mengadakan terbuka sepaku memahami kebutuhan iknnusantara
di teknologi ibu kota negara pindah ibu kota,hunian ikn menggunakan mobox iknnusantara
nusantara teknologi tinggi yang akan datang ibu kota negara pindah ibu kota,expo peluang melihat perkembangan iknnusantara
ibu kota nusantara adalah besar bagi warga negara untuk mereka,pemindahan peluang memperbaiki kehidupan
emang penting padahal mah penting juga kan yang penting itu tau nama ini kota negara bukan ibu kota provinsi,yaelah kaga
bandara fungsional agustus umum dan rakyat bandara di akan mulai pada agustus ibu kota negara pindah ibu kota,vvip ikn kementerian pekerjaan peruahan pupr memastikan vvip ikn difungsional iknnusantara
kami warga nusantara ibu kota negara,pontianak mendukung pembangunan ikn
kota kuala kencana harmonisasi antara alam dan modern banget selain itu kota ini juga jadi model ibu kota negara nusantara di timur,berhasil ngebikin lingkungan kehidupan gokil pembangunan ikn kalimantan loh
tapi di sejarah negara lain bakal nyak pernah jadi ibu kota,engke pelajaran disebutkeun moal jakarta hahaha
yang ramah adalah langkah dan alam ibu kota negara,pembangunan ikn lingkungan menuju keberlanjutan kelestarian iknnusantara pembangunan ikn smart city green city ikn
nusantara adalah ibu kota negara,ikn
kita semua umur panjang supaya bisa bangsa ini bangkit dari ibu kota negara,semoga diberikan melihat keterpurukan
tanpa kota yang ada yaitu kota bagi para satwa flora dan fauna ibu kota negara,menjadi sebuah ibukota merusak
langsung buletin hari ini warga kota mula kembali ke ibu negara dan untuk di dan dari pusat lembaga,bernama perkembangan trafik terkini lebuhraya bersama azeery idris jurukamera farez azmi pengurusan trafik lebuhraya malaysia
kabupaten lokasi dari studi komparatif tidak dari ibu kota negara ke timur yang akan masa depan negara indonesia baca,dipilihnya kukar sebagai tujuan tersebut terlepas berpindahnya ikn kalimantan kaltim nantinya menjadi selengkapnya
untung sama gada rencana pindah ibu kota negara,sg my th
ini adalah investasi masa depan bagi generasi ibu kota negara,pemindahan penerus
ini menteri yang bakal perdana di mulai juli nusantara ibu kota negara indonesia,jokowi ngantor ikn ikn
ekonomi daerah beri efek pada sektor konstruksi ibu kota negara,pertumbuhan berganda
para investor proyek nusantara untuk pada infrastruktur ibu kota negara pindah ibu kota,melihat ikn sebagai kesempatan berkontribusi pembangunan berkelanjutan iknnusantara
uni emirat arab miliar ke kota baru dengan kompensasi tanah juta meter nilai investasi ini sama dengan dana ibu kota negara dalam hal ini presiden muhammad bin adalah dewan,uea berinvestasi mesir seluas pembangunan ikn uea zayed mbz
nusantara kerja di sektor energi dan sumber daya alam ibu kota negara,ikn membuka peluang
pak peta buta pas gua ya bisa semua cuma provinsi ibu kota provinsi di indonesia tapi juga negara ibu kota negara di dunia sekarang,anw kudos to benedictus salaman who gave never ending exams sd hasilnya inget ga amp amp sampe
timur akan model yang baik ibu kota negara,kalimantan menjadi pengelolaan lingkungan
ini adalah bukti nyata indonesia dalam ibu kota negara,pemindahan keseriusan pembangunan
ibu kota negara,jakarta
universitas indonesia universitas kami ibu kota negara pusat ilmu budaya bangsa,
baru dalam ibu kota negara lain,ibukota bali astaghfirullahaladzim negeri blm lu ditanya hadeh tholol
kami warga ibu kota negara,tanjungpinang mendukung pemindahan
ibu kota negara republik indonesia konsep yang indonesia,merepresentasikan kesatuan mengakomodasi kekayaan kemajemukan iknnusantara
investasi ini dampak positif buat ekonomi lokal dan ibu kota negara pindah ibu kota,ngasih lingkungan iknnusantara
sektor properti beri dampak positif pada sektor properti lokal ibu kota negara,peningkatan
juta warga harus ganti kartu tanda itu mesti status dari ibu kota negara daerah khusus status,sebanyak jakarta penduduk ktp penggantian dilakukan setelah perubahan jakarta menjadi dkj dkj ktp ibukota
triliun untuk infrastruktur pada tahun ibu kota negara pindah ibu kota,rp dianggarkan pembangunan ikn iknnusantara
peta buta paling buat saya suka papa ini kota apa ini negara apa ibu kota negara ini di mana,memorable dites sm letaknya
waktu presiden kondisi stabil lebih akibat sisi bangun ibu kota negara ada dan sampai jual kota untuk bayar,im menjabat mesir blm skrg eknomi mesir mengenaskan al pingin lg uangnya mesir utang
fasilitas olahraga modern akan gaya hidup sehat warga ibu kota negara,meningkatkan
budi masih ibu kota negara dari ke nusantara,heru menunggu peresmian pemindahan jakarta
akan dalam kota baru ibu kota negara,keberlanjutan lingkungan dijaga perencanaan
suatu luar biasa dari mantan perdana menteri inggris akan di ibu kota negara nusantara,terobosan tonny blair tony blair membantu penyediaan konektivitas internet ikn
nyawa manusia hilang dalam satu malam di stadion masih satu pulau ibu kota aja negara peduli apalagi ini,ratusan kanjuruhan yg dgn gak terlalu
akan kembali investasi asing ke ibu kota negara nusantara ada mahkamah konstitusi soal sengketa hasil presiden operasi ketupat,pemerintah mendorong percepatan ikn setelah putusan mk pemilu pilpres ___ danramil dita viralvideo liverpool mainin
nusantara akan daya saing industri manufaktur indonesia di pasar global ibu kota negara,ikn meningkatkan
ibu kota negara mau di salah satu daerah di indonesia timur tapi,dulunya gajadi
masa depan langkah presiden untuk infrastruktur digital di indonesia ibu kota negara pindah ibu kota,terobosan menuju jokowi memajukan iknnusantara
sektor industri pada ekspor nasional ibu kota negara,peningkatan berkontribusi
akan unit apartemen untuk aparatur sipil negara yang pindah ke ibu kota nusantara,pemerintah memberikan asn ikn
akan masyarakat timur ibu kota negara,pembangunan ikn melibatkan sekitar kalimantan
universitas indonesia universitas kami ibu kota negara,
tinggal tunggu waktu aja kena ibu kota baru dekat istana negara,sampe semuanya aturan-aturan you cant stop me from raiding in the future
dan sosial ekonomi bagus bagi negara tidak proyek kereta cepat ibu kota negara,semoga hasilnya memuaskan memberikan feedback spt
ada di lantik di nih itu bukan ibu kota negara di dalam negara kalian partai cuma bisa negara kami tunggu kalian sampai mana mau negara ini kami akan siap kalian dari negara ini,yg mw ikn ikn tp org menghancurkan permainan ngancurin mengusir
kami warga ibu kota negara,kendari mendukung pemindahan
dua dekade dengan yang perlu bagi terus dan kinerja majalah indonesia volume tahun juga peran dalam ibu kota ibu kota negara,perjalanan dipenuhi catatan menjadi pijakan djpb mengevaluasi meningkatkan treasury menghadirkan djpb mengawal pembangunan ikn -
dari sini saya dari saya emang suka sama peta nusantara dan internasional jadi provinsi dan ibu bahkan beberapa nama blok tambang pun saya tau organisasi dan ibu kota negara dunia juga,bersyukur dulu wawasan asean organisasi-organisasi apal yg namanya kotanya nama-nama
kami warga bandung akan ibu kota negara,mengawal pembangunan ikn
akan di ibu kota negara nusantara mulai juli,menkominfo mengungkapkan pegawai kementerian kominfo memulai berkantor ikn
ibu kota nusantara adalah besar bagi warga negara untuk mereka ibu kota negara,pemindahan peluang memperbaiki kehidupan
usia papa dah dukung salam dari ibu kota negara,udh th ga ttp ikn banjarmasin
stadion pusat olahraga dan tingkat internasional di kawasan ibu kota negara pindah ibu kota,tersebut direncanakan sebagai kegiatan pertandingan ikn iknnusantara
tugas operasi nusantara patroli intensif serta di beberapa titik penting di kawasan ibu kota negara,ppu personil satuan mahakam polda kaltim melaksanakan kamtibmas secara pengamanan ikn
dengan upacara ibu kota negara pindah ibu kota,ikn membanggakan lapangan berstandar fifa iknnusantara
infrastruktur modern beri akses lebih mudah pada sumber daya alam ibu kota negara,
tak hanya soal kabinet juga mesti semua proyek yang serta negara seperti ibu kota negara nusantara dan proyek kereta cepat,prabowo menghentikan warisan jokowi bermasalah membebani keuangan
terbang atau akan transportasi publik di negara pindah ibu kota arsenal rudal,taxi sky taxi digunakan sebagai ibukota iknnusantara one with exo mncr_logistics bts is coming yordania
budaya masyarakat timur akan dari ibu kota ibu kota negara,kehidupan kalimantan menjadi bagian
usul jadi ibu kota legislasi sehingga tak pindah ke ini respons istana nusantara ibu kota negara indonesia,dpr jakarta ikn ikn
revolusi teknologi di nusantara bawa ke realitas ibu kota negara pindah ibu kota,jelajahi terbaru expo impian bersama otorita ikn iknnusantara
nasib hidup di kampung mau ke kota aja harus jam padahal mau gas tapi apa daya ibu negara padahal cuman keliling kota bandung doang,maen siap-siap segini tadinya nge nulis pengen hiling
jadi warga ibu kota negara,hampura lur urng
uji coba di langkah besar akses global di indonesia ibu kota negara pindah ibu kota,internet starlink ikn menuju internet iknnusantara
akan tetap episentrum politik nasional di level lokal sekalipun tak lagi ibu kota negara tetap magnet politik besar bagi maupun partai politik,pilgub dki jakarta menjadi pemilu berstatus jakarta memiliki yg sebagian politisi
untuk dan alam akan ibu kota negara,kesempatan mendukung ekowisata pelestarian bertambah
dapat platform yang kolaborasi antara swasta dan masyarakat sipil dalam bangsa indonesia ibu kota negara,ikn menjadi memungkinkan pemerintah memajukan
gue kayak nama ibu kota negara komunis keren,temen pake skincare mereknya
di sekolah saya jadi guru geografi bukan sarjana geografi atau geografi zaman ada waktu siswa sudah hafal ibu kota provinsi bahkan ibu kota di dunia hidup indonesia emas imitasi,kebetulan yg basic pendidikan dulu namanya rpul sd rata-rata negara-negara
ini adalah langkah strategis dalam alam ibu kota negara,pemindahan menjaga kelestarian
ada yang berani itu hanya akan ikon ibu kota negara paling ke depan belum layak ibu kota negara layak presiden akan benar tinggal dalam waktu di,taruhan ikn menjadi sebagai tdk thn mengapa krn dibuat sebagai yg siapapun berikutnya tdk disana yg selayaknya jkt
hikmat di balai kota bandung ibu maksud dan audiensi kepada para yang hadir yakni bahasa negara di lembaga publik di samping itu ibu bahwa bahasa negara di,ginanjar herawati menyampaikan tujuan peserta pemartabatan hera menuturkan pemartabatan
demonstrasi massal di ibu kota presiden dan dana dari surplus pertama dalam tahun telah jumlah miskin di negara,sebuah terjadi argentina melawan javier milei reformasinya termasuk penarikan sebagian pendidikan pemerintah anggaran triwulanan argentina meningkatkan penduduk
infrastruktur modern dorong sektor jasa profesional ibu kota negara,perkembangan
kota baru dengan potensi desa kawasan siap ekonomi dan masyarakat kota potensial ibu kota negara pindah ibu kota,ikn mengembangkan iknnusantara
perkara doang aja dasar ibu kota hidup manusia negara air bersih siap minum,ginian diributin anjir netizen ributin noh basic yg blm terjamah macem ketimpangan pendidikan dll
ibu kota negara,hehehehe
karena de resmi bukan ibu kota negara lagi maka indonesia adalah satu negara di dunia saat ini yang ibu bahkan belum punya tetap belum punya sarana prasarana sipil umum dan masih belum ada aktivitas administratif maupun ekonomi,secara jure jakarta udah satunya kotanya penduduk
tugas operasi nusantara patroli intensif serta di beberapa titik penting di kawasan ibu kota negara,ppu personil satuan mahakam polda kaltim melaksanakan kamtibmas secara pengamanan ikn
transportasi akan akses untuk lebih banyak orang ibu kota negara,peningkatan membuka
dan infrastruktur nusantara ibu kota negara pindah ibu kota,pln uip klt kelistrikan ikn iknnusantara
langkah besar masa depan yang lebih dan inklusif ibu kota negara yang baru adalah bukti komitmen kita untuk fondasi yang kuat bagi generasi ibu kota negara baru transformasi negara,sebuah menuju berkesinambungan dukungan terhadap pembangunan ikn membangun mendatang
pada hari april pukul di kantor ibu kota nusantara telah tindak lanjut legal jaksa agung muda bidang perdata dan tata usaha negara di wilayah nusantara,rabu wita bertempat otorita balikpapan dilaksanakan penyelesaian opinion terhadap permasalahan pertanahan ikn
emang dia bisa apa tau apa tentang ibu kota negara ya dek jangan ambisi buat ini,memimpin belajar dulu terlalu nguasai negeri
kantor di nusantara ada hingga plaza dana ibu kota negara ibu kota nusantara timur lewat,penampakan prabowo ikn kaltim rooftop habiskan rp ikn iknnusantara kaltim kalimantan
gua musang sibuk esok negara gua ibu kota,laluan dijangka bermula laluan
kami warga ibu kota negara pindah ibu kota,manado mendukung pemindahan
kepala rumah negara kelas sabang juga oleh ibu ketua wanita sabang takjil gratis kepada masyarakat kota sabang di wilayah kota atas untung kota sabang,tahanan iib muhidfuddin beserta jajaran didampingi dharma rutan membagikan jl soerapati
negara tahap yang infrastruktur dasar akan tuntas pada akhir tahun pindah ibu kota wasit top jumat berkah,pembangunan ibukota iknnusantara merupakan jutavoter awasihasilmk pioli out ernando wasitafc gakbener
dunia segera ibu kota abadi negara,mengakui yerusalem sebagai israel
pos indonesia siap jasa kurir dan logistik pertama di ibu kota negara nusantara dengan tahap awal kantor pos indonesia di pos indonesia pos,pt menyediakan hub pembangunan balikpapan ind
ibu kota nusantara penuh dari presiden upaya yang lebih di seluruh indonesia ibu kota negara,pemindahan mendapat dukungan sebagai penyebaran pembangunan merata
skor minimal dengan baik nama nama provinsi di indonesia ibu kota tabel periodik kimia paham trigonometri paham anatomi fisiologi dan hewan nama negara di tengah tahu ibu kota negara kenya,- memiliki toefl - mengetahui beserta - hapal - - tumbuhan - hapal asia -
warga turun ke di ibu kota untuk negara itu ke dari warga di depan besar inggris di minggu pagi,iran jalan-jalan teheran menunjukkan dukungan terhadap serangan israel dilansir al jazeera berdemonstrasi kedutaan teheran
timur akan model dalam yang baik ibu kota negara,kalimantan menjadi pengelolaan lingkungan
kami warga tanjung ibu kota negara,selor mendukung pemindahan
pesawat aerobatik bakal langit nusantara datang mulai agustus timur agustus ibu kota negara indonesia,hiasi ikn kaltim bertahap iknnusantara balikpapan samarinda kalimantan update updates jokowi
nusantara kerja di sektor energi dan sumber daya alam ibu kota negara,ikn membuka peluang
baru visi indonesia ibu kota negara,pembangunan ibukota mencerminkan keberlanjutan
investasi asing ke nusantara lagi ada komitmen sudah banyak ibu kota negara ibu kota nusantara timur investasi lewat,ikn didorong setelah putusan mk bahlil ikn iknnusantara kaltim kalimantan bahlil
investasi di infrastruktur beri dampak positif pada sektor logistik ibu kota negara,
menteri umum dan rakyat presiden dan wakil presiden dan raka akan di ibu kota negara di paser utara timur presiden,pekerjaan perumahan pupr basuki hadimuljono mengabarkan terpilih prabowo subianto gibran rakabuming dilantik ikn penajam kalimantan pelantikan prabowo
ibu kota negara langkah visioner dan berani dari presiden,pemindahan merupakan joko widodo
dan akan di timur ibu kota negara,kesempatan pendidikan pelatihan berkembang kalimantan
ungkap hektar lahan di masih belum menteri beber ibu kota negara ibu kota nusantara timur lewat,ahy ikn kaltim clear atrbpn arahan jokowi ikn iknnusantara kaltim kalimantan jokowi ahy
segera aktivitas militer as di di negara kepala staf udara bahwa dia belum dokumen apa pun dari yang mereka di udara bak di ibu kota,chad menuntut penghentian pangkalannya afrika tersebut angkatan chad menyatakan menerima amerika membenarkan kehadiran pangkalan adji kossei
usia papa dah dukung salam dari ibu kota negara,udh th ga ttp ikn banjarmasin
tugas operasi nusantara patroli intensif serta di beberapa titik penting di kawasan ibu kota negara jumat,ppu personil satuan mahakam polda kaltim melaksanakan kamtibmas secara pengamanan ikn
miris banget pernah sama dari peta buta provinsi ibu kota negara negara juga wajib mah,ga baca-baca rpul belajar siii jangankan ibukota diapalin jaman dulu wkwk
langkah besar masa depan yang lebih dan inklusif ibu kota negara yang baru adalah bukti komitmen kita untuk fondasi yang kuat bagi generasi ibu kota negara baru transformasi negara,sebuah menuju berkesinambungan dukungan terhadap pembangunan ikn membangun mendatang
kami warga palu ibu kota negara,mendukung pemindahan
ibu kota nusantara akan simbol indonesia negara yang maju dan modern,menjadi kebangkitan sebagai iknnusantara
kawasan ini pusat inovasi di sektor energi ibu kota negara,menjadi terbarukan
akan aspek dan sosial budaya ibu kota negara,pembangunan ikn memperhatikan lingkungan
langkah besar masa depan yang lebih dan inklusif ibu kota negara yang baru adalah bukti komitmen kita untuk fondasi yang kuat bagi generasi ibu kota negara baru transformasi negara,sebuah menuju berkesinambungan dukungan terhadap pembangunan ikn membangun mendatang
pindah ibu kota negara indonesia maju dan juga maju,bersama jokowi kaa terselenggara asian games terselenggara terlaksana pembangunan merata football
nusantara energi bersih dan ramah ibu kota negara,ikn mendukung peningkatan penggunaan lingkungan
ini kita untuk dukung ramah ibu kota negara pindah ibu kota,dukungan menginspirasi upaya-upaya lingkungan lainnya iknnusantara
ibu kota negara bukan tapi solo,jakarta sk opung
nusantara ramah ibu kota negara pindah ibu kota,ikn lingkungan iknnusantara
keren wasal juga dukung rencana ini ibu kota negara pindah ibu kota,risal iknnusantara
semua orang bakal manfaat dari positif ini ibu kota negara pindah ibu kota,merasakan langkah-langkah iknnusantara
sahkan akmal ketua akmal saleh polis tiba di terbang kota sabah pagi tadi ketua polis negara tan sri itu ke ibu polis,kpn dr ditahan mgflash pemuda umno dr muhamad ditahan sebaik lapangan antarabangsa kinabalu razarudin husain berkata exco kerajaan melaka dibawa pejabat
wajar kalo hafal semua ibu kota cuman kok aja sama kok jawab minimal pasti kan tau ibu kota negara itu,ga greget mbanya yg req jabar ngawur jakarta letaknya dmana gitu
akan uji coba taksi terbang pada juli ibu kota negara pindah ibu kota,ikn besutan hyundai iknnusantara
urgensi ibu kota negara dari ke nusantara antara lain beban krisis air serta transportasi,sejumlah alasan memperkuat kepindahan jakarta ikn pertimbangan tersebut terkait penduduk permasalahan
teknologi masa depan dalam nusantara mimpi di dunia digital ibu kota negara pindah ibu kota,persembahan terbaru expo wujudkan iknnusantara
gubernur budi kembali bahwa masih ibu kota negara meski telah,pj dki jakarta heru hartono menegaskan jakarta berstatus sebagai uu dkj disahkan
presiden yakin bahwa ibu kota nusantara akan tata kelola yang lebih baik dan efektif di indonesia ibu kota negara,jokowi pemindahan memperkuat pemerintahan
kami warga akan ibu kota negara,gorontalo mengawal pembangunan ikn
istilah hukum di ibu kota nama ada demi negara bui uang,jd sorg penegak list akn ttp hrs diseleksi krn dgn alsan keamanan tdk mgkn smua bs msk lhaa nya udah kemana sihh wkwkwkk
di tetap ngeri ada lewat hutan hutan ibu kota negara,semoga keamanan ikn terjaga penyusupteoris dll
meski tak lagi ibu kota negara bakal ketat figur yang akan di gubernur kompas,parpol menyeleksi diajukan pemilihan jakarta polhuk adadi
dengan pasal kes negara jiran dia yang ada bukan takat dah biasa hadap perang siap boleh ibu kota dengan cuma masuk,again sembang pakistan pon last mellowed down ritu sunni tu nuclear triad lenyapkan sebijik nuclear-tipped cmbm terlepas
aparatur sipil negara yang akan pindah ke ibu kota nusantara akan tempat tinggal apartemen untuk informasi berita dan simak,dijamin mendapatkan berbentuk menarik terkini lainnya smart news update melalui link berikut smart news update
alokasi triliun untuk infrastruktur pada tahun ibu kota negara pindah ibu kota,rp dianggarkan pembangunan ikn iknnusantara
hingga sabtu malam sudah ada orang dunia aksi massal yang di pusat di ibu kota negara pada sabtu petang waktu sementara itu,dilaporkan meninggal menyusul penusukan dilakukan seseorang sebuah perbelanjaan sydney bagian new south wales australia setempat pelaku
kami warga ibu kota negara,pangkalpinang mendukung pemindahan
di nusantara terus ibu kota negara pindah ibu kota,pembangunan runway vvip ikn dikebut iknnusantara
ibu kota nusantara akan ekonomi nasional dan manfaat bagi seluruh warga negara indonesia,pemindahan mendorong pertumbuhan membawa
tidak akan zionis yang di awal pagi tadi peluru dan yang beberapa lokasi tel ibu kota negara haram itu berita,iran membiarkan kejadian rejim israel menyerang kedutaan iran damsyik syria iran melancarkan serangan ratusan berpandu dron menyasarkan termasuk aviv ikuti
ya banget mudah dalam dan kota yang ibu kota negara,allah rasanya merinding mudahan allah memberikan kelancaran pembangunan ikn berhasil menjadi terbaik
untuk baru adalah langkah transformatif ibu kota negara,keputusan pemerintah membangun ibukota
teknologi canggih masa depan hadir di nusantara siap generasi ibu kota negara pindah ibu kota,expo menginspirasi mendatang iknnusantara
timur akan titik pusat dalam peta global ibu kota negara,kalimantan menjadi pembangunan
ibu kota dan kota di negara ini adalah kota besar lain dan,terbesar brussel meliputi antwerpen gent brugge namur leuven
atau emang kosong ini baru soal ibu kota provinsi yang ada indonesia ibu kota negara di dunia,ntah gimmick beneran gimana
nusantara ramah ibu kota negara pindah ibu kota,ikn lingkungan iknnusantara
potensi pariwisata dan budaya lokal pesat ibu kota negara,berkembang
ibu kota nusantara adalah besar bagi warga negara untuk mereka,pemindahan peluang memperbaiki kehidupan iknnusantara
nusantara ibu kota negara dapat dampak emisi karbon di timur persen yang tidak langsung dapat struktur ekonomi wilayah towel adu,ikn pemindahan memberikan pengurangan kalimantan sebanyak secara mengubah tersebut __ pinalti what game kelly afcu arkhan uzbek el klemer
inovasi sistem transportasi cerdas di untuk masa depan ibu kota negara pindah ibu kota,berkelanjutan ikn tantangan iknnusantara
ekonomi daerah dorong masyarakat ibu kota negara,pertumbuhan peningkatan kesejahteraan
bandara fungsional agustus umum dan rakyat bandara di akan mulai pada agustus ibu kota negara pindah ibu kota,vvip ikn kementerian pekerjaan peruahan pupr memastikan vvip ikn difungsional iknnusantara
ibu kota negara pindah ibu kota,ikn semakin diminati iknnusantara
jalan tol nusantara di seksi masalah lahan cari solusi ibu kota negara ibu kota nusantara timur tol lewat,ikn kaltim - terganjal pemerintah ikn iknnusantara kaltim kalimantan jalantol ikn ikn
status ibu kota negara dan kota aglomerasi,kedua jakarta kehilangaan menjadi jabodetabekjur
langkah besar masa depan yang lebih dan inklusif ibu kota negara yang baru ibu kota negara baru transformasi negara,sebuah menuju berkesinambungan dukungan terhadap pembangunan ikn
lepas juga karena campur negara asing dan juga militer asing masih banyak hal janggal di santa bisa aja di desa tapi ini di ibu kota provinsi beda zaman juga waktu itu,tim-tim tangan australia pembantaian cruz pembantaian dilakukan terpencil jaman suharto
dalam koleksi foto eksklusif presiden dan kanselir dan untuk di ibu kota pada april dengan di wisma tamu negara di pada selasa,berikut terlihat china xi jinping jerman olaf scholz berjalan-jalan berpose difoto beijing china xi bertemu scholz diaoyutai beijing
ya murah lah kan ada proyek ibu kota negara,malaysia ngga mindahin awokwowkwok
ajang kompetisi karya jurnalis ibu kota negara,
kami warga ibu kota negara,manado mendukung pemindahan iknnusantara
menteri presiden akan di ibu kota nusantara timur ini status yang sudah bukan lagi ibu kota negara,basuki hadimuljono pupr mengungkapkan rencananya terpilih - dilantik ikn kalimantan jawaban menyusul dki jakarta berstatus
langkah strategis di nusantara ibu kota negara pindah ibu kota,pertamina amp bakrie group ikn iknnusantara
tugas wakil perdana menteri untuk ekonomi sementara mullah tiga proyek jalan utama di kabul ibu kota kantor berita milik negara,pelaksana urusan pemerintah afghanistan abdul ghani baradar meresmikan afghanistan menurut laporan bakhtar selengkapnya
telah pada maret lagi akan ibu kota negara daerah khusus hanya tinggal presiden,bye bye bye dki jakarta uu dkj disetujui dpr ri selangkah jakarta meninggalkan statusnya sebagai penerapan undang-undang jakarta menunggu peraturan perpres
fasilitas akan dampak positif bagi masyarakat ibu kota negara,peningkatan kesehatan memberi
forum investor untuk investasi di nusantara beberapa investor dalam dan luar sepakat forum investor untuk proses investasi di kawasan ibu kota negara baru arsenal tiara perang dunia rudal tidur,ikn dibentuk percepat negeri membentuk ikn mempercepat yordania scudetto iii
akan prioritas utama dalam nusantara ibu kota negara pindah ibu kota,keamanan siber menjadi pembangunan ikn iknnusantara
timur akan contoh sukses dalam transformasi ekonomi ibu kota negara,kalimantan menjadi
ibu kota nusantara adalah besar bagi warga negara untuk mereka,pemindahan peluang memperbaiki kehidupan
timur akan pusat seni dan budaya yang hidup ibu kota negara,kalimantan menjadi
walaupun tapi ibu kota negara pasti lebih lengkap,overall jkt rame bgt namanya jg jd
selatan korsel akan satu unit instalasi atau untuk ibu kota negara nusantara,korea menghibahkan pengolahan airnya ipa water treatment plant ikn iknnusantara indonesiamaju
kami warga ibu kota negara ibu kota negara,palembang mendukung pemindahan
tentu saja proses ibu kota negara tidak mudah dan harus dari semua elemen masyarakat ibu kota negara,pemindahan mendapat dukungan
negara maju jalan jadi ruang hijau lain ada ibu kota yang infrastruktur lengkap malah fokus jalan,disaat berlomba-lomba menutup terbuka disisi katanya melebarkan
masih ibu kota negara,jakarta berstatus dkijakarta ibukota
teken tak lagi ibu kota negara,jokowi pengesahan uu dkj jakarta
untuk warga dengan nusantara ibu kota negara pindah ibu kota,otorita ikn menegaskan komitmennya memfasilitasi sepaku sejalan pembangunan ikn iknnusantara
kami warga ibu kota negara,samarinda mendukung pemindahan
kami warga ibu kota negara ibu kota negara,kendari mendukung pemindahan
buset ini ibu kota negara,loe beneran diganti
tentu saja proses ibu kota negara tidak mudah dan harus dari semua elemen masyarakat ibu kota negara,pemindahan mendapat dukungan
ibu kota negara,bangetttttttt
kami warga ibu kota negara,jakarta mendukung pemindahan
ribu hektar lahan nusantara di masih respons menteri ibu kota negara ibu kota nusantara timur lahan lewat,sekitar ikn kaltim bermasalah atrbpn ahy ikn iknnusantara kaltim kalimantan ikn
nusantara bahwa desa di wilayah kabupaten paser utara provinsi timur yang masuk kawasan ibu kota negara baru indonesia yakni kota nusantara akan status kota,otorita ikn oikn menyebut kecamatan sepaku penajam kalimantan berubah menjadi
main jadi nama negara ibu kota provinsi,trus game inii hapal dll wkwkw
dukung kota hijau ibu kota negara pindah ibu kota,ikn melarang kendaraan bbm iknnusantara
dengan ibu kota negara ke indonesia akan maju ibu kota negara,semoga pindahnya kalimantan semakin
revolusi teknologi di nusantara bawa ke realitas ibu kota negara pindah ibu kota,jelajahi terbaru expo impian bersama otorita ikn iknnusantara
nusantara patroli serta di beberapa titik penting di kawasan ibu kota negara sabtu,ppu satgas ops polda kaltim melaksanakan sambang kamtibmas pengamanan ikn
tau ibu kota provinsi penting untuk bagaimana cara kerja negara dan mana suatu hari bakal ikut serta di kek kek tau kalkulus minimal tau,pdhl pengetahuan sekedar tu memahami pemerintahan yg lu dalamnya caleg or pemilu that why it called basic knowledge lu gabutuh tp
inovasi teknologi langkah strategis untuk pintar di indonesia ibu kota negara pindah ibu kota,berbasis mewujudkan kota-kota iknnusantara
presiden nomor tahun tentang provinsi daerah khusus ini ibu kota negara dari ke ibu kota nusantara,joko widodo jokowi menandatangani uu jakarta uudkj uu mengatur pemindahan jakarta
dan di iya bukan geografi kayak di video ini ada guru ku bikin keledai ibu kota negara seluruh dunia pakai lagu,jaman sd sd sma bocil sd yg dulu mnemonicjembatan
nusantara bikin jadi kota paling ibu kota negara,superhub jakarta happening iknnusantara iknnusantara
indonesia jadi negara pertama yang ibu kota negara lintas pulau lewat,ternyata memindahkan news
untuk baru adalah langkah transformatif ibu kota negara,keputusan pemerintah membangun ibukota
revolusi urban koordinator dorong transformasi digital di nusantara ibu kota negara pindah ibu kota,menggerakkan smart city ikn iknnusantara
deputi bidang tingkat nasional diskusi panel bidang studi untuk ibu kota negara perspektif sistem manajemen nasional,pendidikan pimpinan lemhannas ri menggelar sismennas membahas pemindahan melalui
akses akan masyarakat ibu kota negara,peningkatan kesehatan meningkatkan kesejahteraan
di ibu kota negara,setauku penempatannya
nusantara akan ekonomi dan impor baja ibu kota negara,ikn memperkuat ketahanan mengurangi ketergantungan
urgensi ibu kota negara dari ke nusantara antara lain beban krisis air serta transportasi,sejumlah alasan memperkuat kepindahan jakarta ikn pertimbangan tersebut terkait penduduk permasalahan
kontribusi sektor jasa ekonomi nasional besar ibu kota negara,terhadap semakin
republik negara luas di jantung destinasi safari dan rumah tarzan mulai juni ibu kota negara ini akan oleh klik,demokratik kongo afrika tersohor sebagai kinshasa dilayani qatar airways selengkapnya tautan berikut
yang lebih tidak hanya rumah sakit di daerah tidak mampu lagi pasien tapi juga di ibu kota yang cuaca apakah demikian indonesia darurat indonesia sehat dengan islam,memprihatinkan sejumlah yg merawat dbd yg membludak negarabanyak kalangan menyalahkan sbg penyebabnyanamun dbd
di teknologi ibu kota negara pindah ibu kota,hunian ikn menggunakan mobox iknnusantara
pusat ekonomi dan kota global usai lepas status dari ibu kota negara namun upaya ambisi itu masih panjang lalu apa saja parameter yang harus indonesia,jakarta ditargetkan menjadi mewujudkan memerlukan perjalanan dipenuhi wrap up podcast
langkah besar masa depan yang lebih dan inklusif ibu kota negara yang baru adalah bukti komitmen kita untuk fondasi yang kuat bagi generasi ibu kota negara baru transformasi negara,sebuah menuju berkesinambungan dukungan terhadap pembangunan ikn membangun mendatang
tugas operasi nusantara patroli intensif serta di beberapa titik penting di kawasan ibu kota negara,ppu personil satuan mahakam polda kaltim melaksanakan kamtibmas secara pengamanan ikn
riwayat dari ibu kota negara kemudian hanya daerah khusus tempo nasional,jakarta berstatus dki jakarta jakarta
inovasi teknologi langkah strategis untuk pintar di indonesia ibu kota negara pindah ibu kota cup bung towel,berbasis mewujudkan kota-kota iknnusantara korea asiancupu timnasu shin tae yong afcuasian wasitnya witchcraft
ibu kota nusantara akan ekonomi nasional dan manfaat bagi seluruh warga negara indonesia,pemindahan mendorong pertumbuhan membawa
dan adalah negara di dalam negara tetap ibu kota,ikn meikarta membuat jakarta
sektor industri dorong ekonomi lokal ibu kota negara,peningkatan pertumbuhan
mi punya kakak laki laki mi dan orang biasa yang tidak dengan negara informasi tentang dia pergi ke ibu kota tidak suka sama,yan namanya yuan seorang pedagang petani yuan terikat manapun setelah mendapatkan adiknya cao wei xu chang he chaverse note yuan oshi
investor swasta nusantara komitmen bangun sarana tengok investor swasta nusantara komitmen bangun sarana dan di ibu kota negara baru timur susu april mob arsenal,ikn pendidikan ikn pendidikan perumahan kalimantan nadiem beckham aisyah selvi nabrak
kami warga ibu kota negara,jakarta mendukung pemindahan iknnusantara
langkah besar masa depan yang lebih dan inklusif ibu kota negara yang baru adalah bukti komitmen kita untuk fondasi yang kuat bagi generasi ibu kota negara baru transformasi negara,sebuah menuju berkesinambungan dukungan terhadap pembangunan ikn membangun mendatang
di momen hari raya fitri tugas operasi nusantara tetap siaga patroli intensif serta di beberapa titik penting di kawasan ibu kota negara,ppu idul personil satuan mahakam polda kaltim lakukan kamtibmas secara pengamanan ikn
daripada tidak ada ibu negara yang ada cuma ibu kota ya lanjut,ndak apa-apa
elemen masyarakat harus proses ibu kota negara ke,bebagai lapiran mendukung pemindahan kalimantan
tak jadi ibu kota negara bakal jadi kota global kawasan barat tetap prospektif,jakarta jakarta
sektor industri beri pada kualitas produk ibu kota negara,peningkatan dorongan peningkatan
kabar deh jadi ibu kota negara pindah ibu kota,nungguin selanjutnya semoga proyeknya kenyataan iknnusantara
kami warga ibu kota negara,tanjungpinang mendukung pemindahan
ekonomi akan dalam ibu kota negara,keberlanjutan menjadi tujuan setiap kebijakan pembangunan
dan akan di timur ibu kota negara,kesempatan pendidikan pelatihan berkembang kalimantan
nusantara tetap aman saat momen libur lebaran ibu kota negara pindah ibu kota,ikn dipastikan iknnusantara
ibu adalah ibu kota dan kota di negara pulau di timur di utara oleh dan sungai,kotanya - taipei terbesar taiwan sebuah asia taipei terletak bagian taiwan dikelilingi pegunungan
ini adalah upaya untuk visi ibu kota negara,pemindahan bersama mencapai pembangunan berkelanjutan
timur akan model dalam sumber daya alam ibu kota negara,kalimantan menjadi pengelolaan
video nasib aset negara usai tak lagi jadi ibu kota,jakarta
dengan ibu kota negara ke indonesia akan maju,semoga pindahnya kalimantan semakin
di sekolah nama ibu kota provinsi ibu kota negara sekarang,dulu disuruh hapalin sampe jd hapal
upacara standar untuk olahraga indonesia ibu kota negara pindah ibu kota,ikn memastikan lapangan sesuai fifa kemajuan iknnusantara
investasi asing ke nusantara lagi ada komitmen sudah banyak ibu kota negara ibu kota nusantara timur investasi lewat,ikn didorong setelah putusan mk bahlil ikn iknnusantara kaltim kalimantan bahlil
investasi di infrastruktur antarwilayah ibu kota negara,tingkatkan konektivitas
ibu kota visi indonesia negara yang,pemindahan mencerminkan sebagai berkeadilan
sektor properti bawa efek positif pada industri konstruksi ibu kota negara,pertumbuhan
ibu kota negara langkah visioner dan berani dari presiden,pemindahan merupakan joko widodo
infrastruktur modern beri pada sektor manufaktur ibu kota negara,dorongan pertumbuhan
lebaran uji coba di ibu kota negara pindah ibu kota,setelah starlink ikn iknnusantara
pribadi suka geografi banyak ibu kota provinsi dan juga ibu kota negara di dunia tapi semenjak ambil dan juga di geografi mulai lupa beberapa ibu kota,sekedar pengalaman dulu sd - smp bgt sampe hapal sma memutuskan jurusan mipa sklh jurusan mipa gaada perlahan-lahan provinsi-
untuk nusantara tahun akan sri tak sebut ibu kota negara ibu kota nusantara timur sri lewat,anggaran ikn disebut ditambah mulyani nominalnya ikn iknnusantara kaltim kalimantan anggaran menkeu mulyani
karena dampak banyak negara yang buka pintu bagi para wisatawan tinggal jamu pasien banyak kita untuk tambah dan bangun ibu kota bukan sekarang kapan lagi,lockdown saatnya sebesar-besarnya covid minumin krn covid smakin putuskan hutang klo
serikat adalah republik konstitusional federal di utara negara ini dengan budaya ekonomi yang kuat dan peran dalam dunia ia dari negara dengan ibu kota di,amerika sebuah terletak amerika terkenal keragaman pentingnya urusan terdiri bagian washington dc
kami warga nusantara ibu kota negara,pontianak mendukung pembangunan ikn
kami warga bandung akan ibu kota negara,mengawal pembangunan ikn
ke presiden wajib mulai dari gubernur tidak bisa modus ibu kota negara sejak banyak bila orang amanah pasti baik makanya iri dengki hasut hapus,gerakan pendobrak menuju dipersiapkan dki krn dki dirubah apapun sebagai jaman penjajahan perjuangan dipimpin yg semakin yg kkn nepotpol
konsul di buana warga negara indonesia yang di untuk area dan tetap waspada massal di ibu kota negara itu,jendral ri sydney vedi kurnia meminta berada sydney australia menghindari keramaian pascapenusukan bagian new south wales
anggota tetap daerah khusus tidak lagi ibu kota negara,ombudsman ri hery susanto mengatakan jakarta menjadi meskipun menjadi jakarta ibukota
dua asal dari dan gede dari kerja sama dengan bina karya untuk bisnis di ibu kota negara nusantara,pengusaha bali nengah natyanta coco group bali bingin mustika plaga farm bali menandatangani pt persero pengembangan ikn
nusantara bisnis bagi dan teknologi di indonesia ibu kota negara,ikn membuka peluang startup perusahaan
masih ibu kota negara walau sudah lantas kapan status ibu kota negara,jakarta berstatus sebagai jokowi meneken uu dkj jakarta sebagai berakhir
tata ruang dan kawasan strategis ibu kota nusantara yang pengaruh sangat penting negara dan negara ekonomi sosial budaya dan wilayah yang telah dunia hal ini,penataan mempunyai terhadap kedaulatan pertahanan keamanan lingkungan termasuk ditetapkan sebagai warisan mengacu
kami warga ibu kota negara pindah ibu kota,manado mendukung pemindahan
maju indonesia ku nusantara ibu kota negara,bersama
delapan menara apartemen di ibu kota nusantara paser timur rampung juli menara apartemen akan para aparatur sipil negara dari,pemerintah menargetkan sebanyak ikn penajam kalimantan dibangun tersebut nantinya ditinggali asn jakarta -bay
fasilitas akan medis bagi rakyat ibu kota negara,peningkatan kesehatan meningkatkan pelayanan
ibu kota negara akan segera pindah ke pakar tata negara,ikn pertanyakan kebutuhan konstitusinya
bangun ibu kota negara ke cina bikin sawah tenaga dari cina modal di pinjam ke cina untuk bayar cina upah sangat tinggi ibarat bikin kuat buat cina di indonesia,utang hutang kecina kerjanya tka dgn udah pondasi
kami warga nusantara ibu kota negara,jambi mendukung pembangunan ikn
bapak infrastruktur bapak ibu kota negara bapak rekonsiliasi,jokowi berdasarkan usulan dr parpol
ini indonesia dalam ibu kota negara,pemindahan memperlihatkan kesungguhan mencapai kemajuan
akan unit apartemen untuk aparatur sipil negara yang pindah ke ibu kota nusantara,pemerintah memberikan asn ikn
infrastruktur modern beri stimulan pada sektor jasa ibu kota negara,pertumbuhan keuangan
proses aparatur sipil negara ke ibu kota nusantara akan ketat guna,pemindahan asn ikn dilakukan secara mendapatkan talenta-talenta terpilih
kota baru dengan potensi desa kawasan siap ekonomi dan masyarakat kota potensial ibu kota negara pindah ibu kota,ikn mengembangkan iknnusantara
negara yatim piatu emang emang bapak kota ada sekarang ibu kota dah,gapernah gapunya bener bener
gabung tiga negara bakal jadi prestasi luar biasa ibu kota negara pindah ibu kota,iknnusantara
inovasi dalam teknologi akan sistem ibu kota negara pindah ibu kota,mengoptimalkan pertahanan iknnusantara
para langkah ini akan di negara yang di mana besar wilayah ibu kota masih dalam geng kriminal,pendukung berharap membantu meredam kekacauan karibia bermasalah sebagian haiti berada cengkeraman
parah kenal geografi negara sendiri usah harga mati kalau kalian hafal provinsi dan ibu kota provinsi di indonesia,gak gak nyebut nkri sampe gak
seleksi aparatur sipil negara untuk di ibu kota nusantara akan lebih ketat syarat id,pemerintah menyatakan asn penempatan ikn asn ikn medcom
gizi itu dah negara gampang lah ibu kota negara,dulu jg kegnya krg tp kgk seoon ibukota sendirimah apakabar laen
air got itu ibu kota negara,otaknya kecampur plat maluin
kami warga ibu kota negara,bengkulu mendukung pemindahan
presiden sejarah beliau infrastruktur mulai jalan tol kereta cepat bandara trans ibu kota negara terminal bus modern dan ia presiden kami bukan,jokowi terbaik sepanjang ri berhasil membangun merata ribuan km intl bendungan lrt mrt papua ratusan psn lainnya pembencinya
mantan perdana menteri inggris akan di ibu kota negara nusantara,tony blair membantu penyediaan konektivitas internet ikn
tak akan sertifikat hak pakai lahan di yang belum ibu kota negara ibu kota nusantara timur lahan menteri lewat,ahy tegaskan terbtkan ikn kaltim clean and clear ikn iknnusantara kaltim kalimantan ikn ahy atrbpn
ibu pernah kalau bakal pisah jauh bisa karena pindah juga benar,ngomong bertemannya bertiga biasanya hidupmati kotanegara ternyata
kami warga banda nusantara ibu kota negara,aceh mendukung pembangunan ikn
dengan ibu kota negara ke indonesia akan maju,semoga pindahnya kalimantan semakin
justru duit buat bangun kereta cina dan ibu kota baru cina ini buat infrastruktur di negara ini kenapa sih ini dari kalian banyak sama justru tanah kalian,seharusnya yg dipake ngeratain pemikiran orang-orang kalimantan tuh sebego pantes yg setuju ikn yg menjajah
potensi industri kreatif dan teknologi akan di timur ibu kota negara,semakin berkembang kalimantan
kamu enggak sama lain itu status ibu kota negara tapi masih mau buat transportasi publik sekarang ada yang punya,jakarta jakarta kasian kota-kota udah kehilangan sampe warganya udah halu kotanya mrt
dari dan juga boleh bahkan di ibu kota negara lebih liberal lagi mending di hapus deh dari pada kaya atau memang sengaja mau jahat soal islam,admin kuper dulu diluar mekkah madinah ryadh framming hoax gini framing
kami warga ibu kota negara,bengkulu mendukung pemindahan
baru juga ibu kota provinsi kalo ibu kota negara dunia makin,ngaco tuh
tapi jujur nak tanya apa usaha kita siapa siapa jelah nak tepi jalan ni negara lain boleh je tak yang jauh daripada ibu kota pun susah nak kita sampah pun,kurangkan bilangan haiwan pastikan haiwan berkeliaran hatyai bangkok tu nampak haiwan berkeliaran bersepah weiyh
untuk baru adalah langkah transformatif ibu kota negara,keputusan pemerintah membangun ibukota
masa depan sistem transportasi cerdas di ibu kota negara pindah ibu kota,kebijakan mendukung keberlanjutan ikn iknnusantara
kami warga bandar lampung ibu kota negara,mendukung pemindahan
kami warga akan ibu kota negara,surabaya mengawal pembangunan ikn
timur akan pusat riset dan sumber daya alam ibu kota negara,kalimantan menjadi lingkungan
ibu kota bikin kita buat jadi negara,pindahan semakin on track unggulan
proyek nusantara transformasi ekonomi indonesia ke arah digitalisasi ibu kota negara,ikn mendukung
presiden teken lepas status ibu kota negara kenceng menit gempa,jokowi uu dkj jakarta bersiap uzbekistan one kiss innalillahi
bukan lagi ibu kota sekarang indonesia jadi negara ibu belum jadi si pintar,hatur nuhun setelah jakarta satu-satunya yg kotanya
terima kasih telah nusantara ibu kota negara,pupr membantu penyelesaian pembangunan ikn
sudah makin bangkrut saat untuk dan ibu kota model begini negara,asset dijual tutupi hutang paksakan modali wakanda penguasa koq pengkhianatan kedaulatan
bukan lagi ibu kota negara,jakarta
kamu lebih suka ibu kota negara tetap di atau pindah ke timur,jakarta kalimantan
kolaborasi dengan daerah dan untuk warga ibu kota negara pindah ibu kota,melalui pemerintah stakeholder terkait otorita ikn bertujuan meningkatkan kesejahteraan sepaku iknnusantara
transportasi akan akses baru bagi daerah ibu kota negara,peningkatan membuka terisolasi
semangat pindah ibu kota negara,
para itu mereka sendiri mereka lah negara ini tidak mau pindah ke usul jadi ibu kota legislasi,bajingan termakan keputusan perusak dpr ikn jakarta jokowi no more anies forever jokowi no more anies forever
elemen masyarakat harus proses ibu kota negara ke,bebagai lapiran mendukung pemindahan kalimantan
dukung ibu kota nusantara upaya kembali negara indonesia,pemindahan sebagai penataan secara keseluruhan iknnusantara
ibu kota dari investasi beberapa negara apakah rawan pak,berdaulat
fasilitas akan potensi manusia indonesia ibu kota negara,peningkatan pendidikan memajukan
agus siap ke daftar menteri yang pertama pindah ibu kota negara ibu kota nusantara timur agus lewat,alasan harimurti yudhoyono dipindahkan ikn kaltim ikn iknnusantara kaltim kalimantan ahy harimurti yudhoyono
langkah besar masa depan yang lebih dan inklusif ibu kota negara yang baru adalah bukti komitmen kita untuk fondasi yang kuat bagi generasi ibu kota negara baru transformasi negara,sebuah menuju berkesinambungan dukungan terhadap pembangunan ikn membangun mendatang
kalo ibu kota negara sudah siap dengan segala fasilitas tak perlu semua orang pasti pindah walau,ikn sebagai dll iming dicegat
masa depan langkah presiden untuk infrastruktur digital di indonesia ibu kota negara pindah ibu kota,terobosan menuju jokowi memajukan iknnusantara
fakta ini ingin di masa proyek monumental ibu kota negara baru,tp yg terjadi pemimpin negri lbh dikenal dpn bhw akulah yg membuat
ini pesan positif tentang ibu kota negara,pemindahan mengirim perubahan menuju kebaikan
sinergi dan yang kuat bahwa dampak positif yang bagi masyarakat ibu kota negara pindah ibu kota,melalui kemitraan otorita ikn berusaha memastikan pembangunan ikn memberikan berkelanjutan sepaku iknnusantara
atlas sangat abis liat video tadi mungkin sama kayak sekarang tapi baca fisik di memori nama ibu kota negara mata uang beberapa ada,rpul ternyata berguna yg fungsinya google jaman secara bener ketanem dulu yg hapal gara rpul
sistem transportasi cerdas ibu kota negara pindah ibu kota,perjalanan berkelanjutan merespons tantangan ikn iknnusantara
kami warga ibu kota negara ibu kota negara,bengkulu mendukung pemindahan
ibu kota nusantara akan simbol indonesia negara yang maju dan modern,menjadi kebangkitan sebagai
karena nusantara minim investor ibu kota negara yang baru ke revisi akan segera,jadinya dipindah bojongsoang uu menyusul
sampai selesai nanti baru masa depan baru bagi indonesia dan dunia ibu kota negara,semoga pembangunan ikn dilancarkan dipermudah menjadi peradaban
